timestamp,datetime,frame_count,object_class,confidence,depth_meters,bbox_x1,bbox_y1,bbox_x2,bbox_y2,center_x,center_y
1777272896.386134,2026-04-27 01:54:56,1,Person,0.4861032962799072,2.053356170654297,430,320,446,358,438,339
1777272896.386134,2026-04-27 01:54:56,1,Person,0.40540611743927,2.073385238647461,424,320,447,358,435,339
1777272896.419862,2026-04-27 01:54:56,4,none,0.0,0.0,0,0,0,0,0,0
1777272896.4413528,2026-04-27 01:54:56,7,none,0.0,0.0,0,0,0,0,0,0
1777272896.460201,2026-04-27 01:54:56,10,none,0.0,0.0,0,0,0,0,0,0
1777272896.4796338,2026-04-27 01:54:56,13,none,0.0,0.0,0,0,0,0,0,0
1777272896.502293,2026-04-27 01:54:56,16,none,0.0,0.0,0,0,0,0,0,0
1777272896.523201,2026-04-27 01:54:56,19,none,0.0,0.0,0,0,0,0,0,0
1777272896.545609,2026-04-27 01:54:56,22,none,0.0,0.0,0,0,0,0,0,0
1777272896.570585,2026-04-27 01:54:56,25,none,0.0,0.0,0,0,0,0,0,0
1777272896.5972228,2026-04-27 01:54:56,28,none,0.0,0.0,0,0,0,0,0,0
1777272896.6256058,2026-04-27 01:54:56,31,none,0.0,0.0,0,0,0,0,0,0
1777272896.6524339,2026-04-27 01:54:56,34,none,0.0,0.0,0,0,0,0,0,0
1777272896.678475,2026-04-27 01:54:56,37,none,0.0,0.0,0,0,0,0,0,0
1777272896.7046762,2026-04-27 01:54:56,40,none,0.0,0.0,0,0,0,0,0,0
1777272896.787172,2026-04-27 01:54:56,43,Person,0.5199607610702515,2.655242443084717,288,160,299,181,293,170
1777272897.606622,2026-04-27 01:54:57,46,Person,0.3837323784828186,2.6343698501586914,287,159,298,180,292,169
1777272897.6279979,2026-04-27 01:54:57,49,none,0.0,0.0,0,0,0,0,0,0
1777272897.647125,2026-04-27 01:54:57,52,none,0.0,0.0,0,0,0,0,0,0
1777272897.670104,2026-04-27 01:54:57,55,none,0.0,0.0,0,0,0,0,0,0
1777272897.688195,2026-04-27 01:54:57,58,none,0.0,0.0,0,0,0,0,0,0
1777272897.7078972,2026-04-27 01:54:57,61,none,0.0,0.0,0,0,0,0,0,0
1777272897.731772,2026-04-27 01:54:57,64,none,0.0,0.0,0,0,0,0,0,0
1777272897.752293,2026-04-27 01:54:57,67,none,0.0,0.0,0,0,0,0,0,0
1777272897.774276,2026-04-27 01:54:57,70,none,0.0,0.0,0,0,0,0,0,0
1777272897.803315,2026-04-27 01:54:57,73,Person,0.4077973961830139,1.9427282810211182,545,329,564,359,554,344
1777272897.829563,2026-04-27 01:54:57,76,none,0.0,0.0,0,0,0,0,0,0
1777272897.85731,2026-04-27 01:54:57,79,none,0.0,0.0,0,0,0,0,0,0
1777272897.887949,2026-04-27 01:54:57,82,Person,0.47615718841552734,5.7084245681762695,141,168,150,190,145,179
1777272897.915725,2026-04-27 01:54:57,85,none,0.0,0.0,0,0,0,0,0,0
1777272897.94232,2026-04-27 01:54:57,88,none,0.0,0.0,0,0,0,0,0,0
1777272897.9690251,2026-04-27 01:54:57,91,none,0.0,0.0,0,0,0,0,0,0
1777272897.995842,2026-04-27 01:54:57,94,none,0.0,0.0,0,0,0,0,0,0
1777272898.02356,2026-04-27 01:54:58,97,none,0.0,0.0,0,0,0,0,0,0
1777272898.0511081,2026-04-27 01:54:58,100,none,0.0,0.0,0,0,0,0,0,0
1777272898.079159,2026-04-27 01:54:58,103,none,0.0,0.0,0,0,0,0,0,0
1777272898.10638,2026-04-27 01:54:58,106,none,0.0,0.0,0,0,0,0,0,0
1777272898.133721,2026-04-27 01:54:58,109,none,0.0,0.0,0,0,0,0,0,0
1777272898.161889,2026-04-27 01:54:58,112,none,0.0,0.0,0,0,0,0,0,0
1777272898.188014,2026-04-27 01:54:58,115,none,0.0,0.0,0,0,0,0,0,0
1777272898.215678,2026-04-27 01:54:58,118,none,0.0,0.0,0,0,0,0,0,0
1777272898.242764,2026-04-27 01:54:58,121,none,0.0,0.0,0,0,0,0,0,0
1777272898.2930639,2026-04-27 01:54:58,124,Machinery,0.7888597249984741,3.7157130241394043,326,166,378,227,352,196
1777272898.319406,2026-04-27 01:54:58,127,none,0.0,0.0,0,0,0,0,0,0
1777272898.346397,2026-04-27 01:54:58,130,none,0.0,0.0,0,0,0,0,0,0
1777272898.3749042,2026-04-27 01:54:58,133,none,0.0,0.0,0,0,0,0,0,0
1777272898.402486,2026-04-27 01:54:58,136,none,0.0,0.0,0,0,0,0,0,0
1777272898.431573,2026-04-27 01:54:58,139,none,0.0,0.0,0,0,0,0,0,0
1777272898.4630752,2026-04-27 01:54:58,142,Person,0.5827000141143799,4.391623497009277,565,204,577,233,571,218
1777272898.490697,2026-04-27 01:54:58,145,none,0.0,0.0,0,0,0,0,0,0
1777272898.517392,2026-04-27 01:54:58,148,none,0.0,0.0,0,0,0,0,0,0
1777272898.5440562,2026-04-27 01:54:58,151,none,0.0,0.0,0,0,0,0,0,0
1777272898.570675,2026-04-27 01:54:58,154,none,0.0,0.0,0,0,0,0,0,0
1777272898.601527,2026-04-27 01:54:58,157,Person,0.5068204998970032,2.344597816467285,439,309,456,339,447,324
1777272898.601527,2026-04-27 01:54:58,157,Person,0.41937923431396484,2.39103627204895,439,302,457,335,448,318
1777272898.629921,2026-04-27 01:54:58,160,none,0.0,0.0,0,0,0,0,0,0
1777272898.657351,2026-04-27 01:54:58,163,none,0.0,0.0,0,0,0,0,0,0
1777272898.6846468,2026-04-27 01:54:58,166,none,0.0,0.0,0,0,0,0,0,0
1777272898.7111292,2026-04-27 01:54:58,169,none,0.0,0.0,0,0,0,0,0,0
1777272898.73898,2026-04-27 01:54:58,172,none,0.0,0.0,0,0,0,0,0,0
1777272898.7666318,2026-04-27 01:54:58,175,none,0.0,0.0,0,0,0,0,0,0
1777272898.792764,2026-04-27 01:54:58,178,none,0.0,0.0,0,0,0,0,0,0
1777272898.82198,2026-04-27 01:54:58,181,Person,0.3544299900531769,1.891376256942749,548,323,565,359,556,341
1777272898.8538072,2026-04-27 01:54:58,184,Person,0.35619622468948364,2.063979148864746,548,313,564,345,556,329
1777272898.880198,2026-04-27 01:54:58,187,none,0.0,0.0,0,0,0,0,0,0
1777272898.912662,2026-04-27 01:54:58,190,Person,0.6101120710372925,1.900632619857788,586,307,604,347,595,327
1777272898.912662,2026-04-27 01:54:58,190,Person,0.5866060853004456,1.849123477935791,587,317,604,348,595,332
1777272898.944502,2026-04-27 01:54:58,193,Vehicle,0.6909925937652588,3.217411518096924,416,132,509,186,462,159
1777272898.944502,2026-04-27 01:54:58,193,Vehicle,0.43807536363601685,3.142400026321411,321,138,400,261,360,199
1777272898.971659,2026-04-27 01:54:58,196,none,0.0,0.0,0,0,0,0,0,0
1777272899.0035672,2026-04-27 01:54:59,199,Person,0.5538486242294312,2.0766777992248535,562,314,583,349,572,331
1777272899.0528152,2026-04-27 01:54:59,202,Machinery,0.5886091589927673,2.3395652770996094,322,144,399,279,360,211
1777272899.0528152,2026-04-27 01:54:59,202,Person,0.383745938539505,2.108893871307373,561,317,583,348,572,332
1777272899.079613,2026-04-27 01:54:59,205,none,0.0,0.0,0,0,0,0,0,0
1777272899.1074219,2026-04-27 01:54:59,208,none,0.0,0.0,0,0,0,0,0,0
1777272899.1391191,2026-04-27 01:54:59,211,Machinery,0.3661772608757019,2.1876392364501953,326,163,409,274,367,218
1777272899.171241,2026-04-27 01:54:59,214,Machinery,0.6020433306694031,2.7926430702209473,323,153,406,285,364,219
1777272899.199421,2026-04-27 01:54:59,217,none,0.0,0.0,0,0,0,0,0,0
1777272899.226411,2026-04-27 01:54:59,220,none,0.0,0.0,0,0,0,0,0,0
1777272899.253394,2026-04-27 01:54:59,223,none,0.0,0.0,0,0,0,0,0,0
1777272899.279636,2026-04-27 01:54:59,226,none,0.0,0.0,0,0,0,0,0,0
1777272899.307727,2026-04-27 01:54:59,229,none,0.0,0.0,0,0,0,0,0,0
1777272899.33478,2026-04-27 01:54:59,232,none,0.0,0.0,0,0,0,0,0,0
1777272899.366086,2026-04-27 01:54:59,235,Person,0.4240942597389221,2.139894723892212,559,319,573,341,566,330
1777272899.394515,2026-04-27 01:54:59,238,none,0.0,0.0,0,0,0,0,0,0
1777272899.4222689,2026-04-27 01:54:59,241,none,0.0,0.0,0,0,0,0,0,0
1777272899.450424,2026-04-27 01:54:59,244,none,0.0,0.0,0,0,0,0,0,0
1777272899.481976,2026-04-27 01:54:59,247,Vehicle,0.46463754773139954,4.628976345062256,449,132,493,169,471,150
1777272899.532904,2026-04-27 01:54:59,250,Vehicle,0.8374379277229309,4.349043369293213,448,128,505,171,476,149
1777272899.532904,2026-04-27 01:54:59,250,Person,0.37609195709228516,2.927910327911377,20,203,37,231,28,217
1777272899.565653,2026-04-27 01:54:59,253,Vehicle,0.5501576066017151,1.872208833694458,451,132,475,150,463,141
1777272899.565653,2026-04-27 01:54:59,253,Person,0.4368864595890045,3.8726906776428223,64,188,75,211,69,199
1777272899.593319,2026-04-27 01:54:59,256,none,0.0,0.0,0,0,0,0,0,0
1777272899.627102,2026-04-27 01:54:59,259,Vehicle,0.836323618888855,3.939636707305908,413,129,495,184,454,156
1777272899.653852,2026-04-27 01:54:59,262,none,0.0,0.0,0,0,0,0,0,0
1777272899.680108,2026-04-27 01:54:59,265,none,0.0,0.0,0,0,0,0,0,0
1777272899.7077172,2026-04-27 01:54:59,268,none,0.0,0.0,0,0,0,0,0,0
1777272899.7660239,2026-04-27 01:54:59,271,Person,0.49752140045166016,3.456946849822998,120,157,147,225,133,191
1777272899.793587,2026-04-27 01:54:59,274,Machinery,0.42154207825660706,3.0228323936462402,325,164,421,243,373,203
1777272899.8203142,2026-04-27 01:54:59,277,none,0.0,0.0,0,0,0,0,0,0
1777272899.848278,2026-04-27 01:54:59,280,none,0.0,0.0,0,0,0,0,0,0
1777272899.87671,2026-04-27 01:54:59,283,none,0.0,0.0,0,0,0,0,0,0
1777272899.904994,2026-04-27 01:54:59,286,none,0.0,0.0,0,0,0,0,0,0
1777272899.936636,2026-04-27 01:54:59,289,Person,0.5203670859336853,4.407346725463867,518,160,529,182,523,171
1777272899.9688509,2026-04-27 01:54:59,292,Person,0.4812885820865631,5.138933181762695,544,175,556,202,550,188
1777272899.996337,2026-04-27 01:54:59,295,none,0.0,0.0,0,0,0,0,0,0
1777272900.025357,2026-04-27 01:55:00,298,none,0.0,0.0,0,0,0,0,0,0
1777272900.05199,2026-04-27 01:55:00,301,none,0.0,0.0,0,0,0,0,0,0
1777272900.080065,2026-04-27 01:55:00,304,none,0.0,0.0,0,0,0,0,0,0
1777272900.1078038,2026-04-27 01:55:00,307,none,0.0,0.0,0,0,0,0,0,0
1777272900.139406,2026-04-27 01:55:00,310,none,0.0,0.0,0,0,0,0,0,0
1777272900.167094,2026-04-27 01:55:00,313,none,0.0,0.0,0,0,0,0,0,0
1777272900.194196,2026-04-27 01:55:00,316,none,0.0,0.0,0,0,0,0,0,0
1777272900.22053,2026-04-27 01:55:00,319,none,0.0,0.0,0,0,0,0,0,0
1777272900.2524219,2026-04-27 01:55:00,322,Person,0.365816593170166,3.675611972808838,56,187,72,215,64,201
1777272900.279706,2026-04-27 01:55:00,325,none,0.0,0.0,0,0,0,0,0,0
1777272900.307452,2026-04-27 01:55:00,328,none,0.0,0.0,0,0,0,0,0,0
1777272900.334768,2026-04-27 01:55:00,331,none,0.0,0.0,0,0,0,0,0,0
1777272900.361376,2026-04-27 01:55:00,334,none,0.0,0.0,0,0,0,0,0,0
1777272900.3875499,2026-04-27 01:55:00,337,none,0.0,0.0,0,0,0,0,0,0
1777272900.413763,2026-04-27 01:55:00,340,none,0.0,0.0,0,0,0,0,0,0
1777272900.4414878,2026-04-27 01:55:00,343,none,0.0,0.0,0,0,0,0,0,0
1777272900.469269,2026-04-27 01:55:00,346,none,0.0,0.0,0,0,0,0,0,0
1777272900.49552,2026-04-27 01:55:00,349,none,0.0,0.0,0,0,0,0,0,0
1777272900.521676,2026-04-27 01:55:00,352,none,0.0,0.0,0,0,0,0,0,0
1777272900.553401,2026-04-27 01:55:00,355,Person,0.6308088898658752,3.244546413421631,447,238,467,285,457,261
1777272900.5796869,2026-04-27 01:55:00,358,none,0.0,0.0,0,0,0,0,0,0
1777272900.6074991,2026-04-27 01:55:00,361,none,0.0,0.0,0,0,0,0,0,0
1777272900.6347961,2026-04-27 01:55:00,364,none,0.0,0.0,0,0,0,0,0,0
1777272900.666081,2026-04-27 01:55:00,367,Person,0.5067422986030579,2.776968479156494,23,205,35,236,29,220
1777272900.693315,2026-04-27 01:55:00,370,none,0.0,0.0,0,0,0,0,0,0
1777272900.720006,2026-04-27 01:55:00,373,none,0.0,0.0,0,0,0,0,0,0
1777272900.746088,2026-04-27 01:55:00,376,none,0.0,0.0,0,0,0,0,0,0
1777272900.77736,2026-04-27 01:55:00,379,Person,0.4296700358390808,3.1672868728637695,241,212,251,238,246,225
1777272900.803744,2026-04-27 01:55:00,382,none,0.0,0.0,0,0,0,0,0,0
1777272900.835503,2026-04-27 01:55:00,385,Person,0.3754027485847473,3.2511281967163086,338,240,351,270,344,255
1777272900.86222,2026-04-27 01:55:00,388,none,0.0,0.0,0,0,0,0,0,0
1777272900.89269,2026-04-27 01:55:00,391,Person,0.39130985736846924,3.3693690299987793,352,241,366,277,359,259
1777272900.924048,2026-04-27 01:55:00,394,none,0.0,0.0,0,0,0,0,0,0
1777272900.9775932,2026-04-27 01:55:00,397,Vehicle,0.59784334897995,3.6368629932403564,371,151,427,221,399,186
1777272900.9775932,2026-04-27 01:55:00,397,Person,0.4234906733036041,2.897017478942871,351,242,371,276,361,259
1777272901.009873,2026-04-27 01:55:01,400,Vehicle,0.6724175810813904,2.7914483547210693,377,156,432,224,404,190
1777272901.0370529,2026-04-27 01:55:01,403,none,0.0,0.0,0,0,0,0,0,0
1777272901.0638459,2026-04-27 01:55:01,406,none,0.0,0.0,0,0,0,0,0,0
1777272901.090081,2026-04-27 01:55:01,409,none,0.0,0.0,0,0,0,0,0,0
1777272901.117289,2026-04-27 01:55:01,412,none,0.0,0.0,0,0,0,0,0,0
1777272901.153111,2026-04-27 01:55:01,415,none,0.0,0.0,0,0,0,0,0,0
1777272901.186549,2026-04-27 01:55:01,418,none,0.0,0.0,0,0,0,0,0,0
1777272901.212783,2026-04-27 01:55:01,421,none,0.0,0.0,0,0,0,0,0,0
1777272901.240458,2026-04-27 01:55:01,424,none,0.0,0.0,0,0,0,0,0,0
1777272901.2679129,2026-04-27 01:55:01,427,none,0.0,0.0,0,0,0,0,0,0
1777272901.294629,2026-04-27 01:55:01,430,none,0.0,0.0,0,0,0,0,0,0
1777272901.327134,2026-04-27 01:55:01,433,Vehicle,0.7766651511192322,4.109247207641602,461,146,518,203,489,174
1777272901.358998,2026-04-27 01:55:01,436,Vehicle,0.5816607475280762,3.30163311958313,480,162,545,222,512,192
1777272901.385951,2026-04-27 01:55:01,439,none,0.0,0.0,0,0,0,0,0,0
1777272901.412235,2026-04-27 01:55:01,442,none,0.0,0.0,0,0,0,0,0,0
1777272901.438297,2026-04-27 01:55:01,445,none,0.0,0.0,0,0,0,0,0,0
1777272901.465525,2026-04-27 01:55:01,448,none,0.0,0.0,0,0,0,0,0,0
1777272901.492785,2026-04-27 01:55:01,451,none,0.0,0.0,0,0,0,0,0,0
1777272901.520106,2026-04-27 01:55:01,454,none,0.0,0.0,0,0,0,0,0,0
1777272901.5482082,2026-04-27 01:55:01,457,none,0.0,0.0,0,0,0,0,0,0
1777272901.576503,2026-04-27 01:55:01,460,none,0.0,0.0,0,0,0,0,0,0
1777272901.603002,2026-04-27 01:55:01,463,none,0.0,0.0,0,0,0,0,0,0
1777272901.62906,2026-04-27 01:55:01,466,none,0.0,0.0,0,0,0,0,0,0
1777272901.655349,2026-04-27 01:55:01,469,none,0.0,0.0,0,0,0,0,0,0
1777272901.683703,2026-04-27 01:55:01,472,none,0.0,0.0,0,0,0,0,0,0
1777272901.7110882,2026-04-27 01:55:01,475,none,0.0,0.0,0,0,0,0,0,0
1777272901.738049,2026-04-27 01:55:01,478,none,0.0,0.0,0,0,0,0,0,0
1777272901.7658439,2026-04-27 01:55:01,481,none,0.0,0.0,0,0,0,0,0,0
1777272901.792765,2026-04-27 01:55:01,484,none,0.0,0.0,0,0,0,0,0,0
1777272901.819212,2026-04-27 01:55:01,487,none,0.0,0.0,0,0,0,0,0,0
1777272901.845332,2026-04-27 01:55:01,490,none,0.0,0.0,0,0,0,0,0,0
1777272901.876262,2026-04-27 01:55:01,493,Vehicle,0.6275442838668823,2.4145636558532715,332,117,380,192,356,154
1777272901.876262,2026-04-27 01:55:01,493,Vehicle,0.4251921772956848,3.3240976333618164,401,116,423,130,412,123
1777272901.90328,2026-04-27 01:55:01,496,none,0.0,0.0,0,0,0,0,0,0
1777272901.928422,2026-04-27 01:55:01,499,none,0.0,0.0,0,0,0,0,0,0
1777272901.955544,2026-04-27 01:55:01,502,none,0.0,0.0,0,0,0,0,0,0
1777272901.98347,2026-04-27 01:55:01,505,none,0.0,0.0,0,0,0,0,0,0
1777272902.0107808,2026-04-27 01:55:02,508,none,0.0,0.0,0,0,0,0,0,0
1777272902.038124,2026-04-27 01:55:02,511,none,0.0,0.0,0,0,0,0,0,0
1777272902.066307,2026-04-27 01:55:02,514,none,0.0,0.0,0,0,0,0,0,0
1777272902.0936801,2026-04-27 01:55:02,517,none,0.0,0.0,0,0,0,0,0,0
1777272902.120594,2026-04-27 01:55:02,520,none,0.0,0.0,0,0,0,0,0,0
1777272902.147199,2026-04-27 01:55:02,523,none,0.0,0.0,0,0,0,0,0,0
1777272902.174838,2026-04-27 01:55:02,526,none,0.0,0.0,0,0,0,0,0,0
1777272902.206599,2026-04-27 01:55:02,529,Person,0.44255131483078003,4.566688537597656,49,165,68,197,58,181
1777272902.238178,2026-04-27 01:55:02,532,Person,0.3537048101425171,6.217649459838867,95,152,105,170,100,161
1777272902.265616,2026-04-27 01:55:02,535,none,0.0,0.0,0,0,0,0,0,0
1777272902.2930582,2026-04-27 01:55:02,538,none,0.0,0.0,0,0,0,0,0,0
1777272902.320213,2026-04-27 01:55:02,541,none,0.0,0.0,0,0,0,0,0,0
1777272902.348223,2026-04-27 01:55:02,544,none,0.0,0.0,0,0,0,0,0,0
1777272902.3766131,2026-04-27 01:55:02,547,none,0.0,0.0,0,0,0,0,0,0
1777272902.404705,2026-04-27 01:55:02,550,none,0.0,0.0,0,0,0,0,0,0
1777272902.432853,2026-04-27 01:55:02,553,none,0.0,0.0,0,0,0,0,0,0
1777272902.4604852,2026-04-27 01:55:02,556,none,0.0,0.0,0,0,0,0,0,0
1777272902.4871628,2026-04-27 01:55:02,559,none,0.0,0.0,0,0,0,0,0,0
1777272902.5177479,2026-04-27 01:55:02,562,Vehicle,0.3609952926635742,2.7010388374328613,431,146,469,173,450,159
1777272902.544584,2026-04-27 01:55:02,565,none,0.0,0.0,0,0,0,0,0,0
1777272902.570812,2026-04-27 01:55:02,568,none,0.0,0.0,0,0,0,0,0,0
1777272902.599041,2026-04-27 01:55:02,571,none,0.0,0.0,0,0,0,0,0,0
1777272902.625889,2026-04-27 01:55:02,574,none,0.0,0.0,0,0,0,0,0,0
1777272902.652918,2026-04-27 01:55:02,577,none,0.0,0.0,0,0,0,0,0,0
1777272902.683845,2026-04-27 01:55:02,580,Person,0.37251612544059753,4.2875566482543945,48,182,64,209,56,195
1777272902.7108228,2026-04-27 01:55:02,583,none,0.0,0.0,0,0,0,0,0,0
1777272902.736907,2026-04-27 01:55:02,586,none,0.0,0.0,0,0,0,0,0,0
1777272902.764609,2026-04-27 01:55:02,589,none,0.0,0.0,0,0,0,0,0,0
1777272902.792187,2026-04-27 01:55:02,592,none,0.0,0.0,0,0,0,0,0,0
1777272902.81892,2026-04-27 01:55:02,595,none,0.0,0.0,0,0,0,0,0,0
1777272902.844971,2026-04-27 01:55:02,598,none,0.0,0.0,0,0,0,0,0,0
1777272902.87026,2026-04-27 01:55:02,601,none,0.0,0.0,0,0,0,0,0,0
1777272902.897978,2026-04-27 01:55:02,604,none,0.0,0.0,0,0,0,0,0,0
1777272902.927915,2026-04-27 01:55:02,607,none,0.0,0.0,0,0,0,0,0,0
1777272902.954386,2026-04-27 01:55:02,610,none,0.0,0.0,0,0,0,0,0,0
1777272902.9827359,2026-04-27 01:55:02,613,none,0.0,0.0,0,0,0,0,0,0
1777272903.0098062,2026-04-27 01:55:03,616,none,0.0,0.0,0,0,0,0,0,0
1777272903.042921,2026-04-27 01:55:03,619,none,0.0,0.0,0,0,0,0,0,0
1777272903.069102,2026-04-27 01:55:03,622,none,0.0,0.0,0,0,0,0,0,0
1777272903.096811,2026-04-27 01:55:03,625,none,0.0,0.0,0,0,0,0,0,0
1777272903.12432,2026-04-27 01:55:03,628,none,0.0,0.0,0,0,0,0,0,0
1777272903.152041,2026-04-27 01:55:03,631,none,0.0,0.0,0,0,0,0,0,0
1777272903.1787882,2026-04-27 01:55:03,634,none,0.0,0.0,0,0,0,0,0,0
1777272903.2066402,2026-04-27 01:55:03,637,none,0.0,0.0,0,0,0,0,0,0
1777272903.234526,2026-04-27 01:55:03,640,none,0.0,0.0,0,0,0,0,0,0
1777272903.2653818,2026-04-27 01:55:03,643,none,0.0,0.0,0,0,0,0,0,0
1777272903.293141,2026-04-27 01:55:03,646,none,0.0,0.0,0,0,0,0,0,0
1777272903.32109,2026-04-27 01:55:03,649,none,0.0,0.0,0,0,0,0,0,0
1777272903.3485491,2026-04-27 01:55:03,652,none,0.0,0.0,0,0,0,0,0,0
1777272903.3763041,2026-04-27 01:55:03,655,none,0.0,0.0,0,0,0,0,0,0
1777272903.403017,2026-04-27 01:55:03,658,none,0.0,0.0,0,0,0,0,0,0
1777272903.430175,2026-04-27 01:55:03,661,none,0.0,0.0,0,0,0,0,0,0
1777272903.457514,2026-04-27 01:55:03,664,none,0.0,0.0,0,0,0,0,0,0
1777272903.48479,2026-04-27 01:55:03,667,none,0.0,0.0,0,0,0,0,0,0
1777272903.511263,2026-04-27 01:55:03,670,none,0.0,0.0,0,0,0,0,0,0
1777272903.537288,2026-04-27 01:55:03,673,none,0.0,0.0,0,0,0,0,0,0
1777272903.564287,2026-04-27 01:55:03,676,none,0.0,0.0,0,0,0,0,0,0
1777272903.593163,2026-04-27 01:55:03,679,none,0.0,0.0,0,0,0,0,0,0
1777272903.621511,2026-04-27 01:55:03,682,none,0.0,0.0,0,0,0,0,0,0
1777272903.653306,2026-04-27 01:55:03,685,Person,0.35802462697029114,2.4741578102111816,348,296,364,325,356,310
1777272903.67998,2026-04-27 01:55:03,688,none,0.0,0.0,0,0,0,0,0,0
1777272903.712031,2026-04-27 01:55:03,691,Vehicle,0.3661589026451111,3.3678126335144043,0,122,33,156,16,139
1777272903.738394,2026-04-27 01:55:03,694,none,0.0,0.0,0,0,0,0,0,0
1777272903.76603,2026-04-27 01:55:03,697,none,0.0,0.0,0,0,0,0,0,0
1777272903.793886,2026-04-27 01:55:03,700,none,0.0,0.0,0,0,0,0,0,0
1777272903.820481,2026-04-27 01:55:03,703,none,0.0,0.0,0,0,0,0,0,0
1777272903.846581,2026-04-27 01:55:03,706,none,0.0,0.0,0,0,0,0,0,0
1777272903.874363,2026-04-27 01:55:03,709,none,0.0,0.0,0,0,0,0,0,0
1777272903.900866,2026-04-27 01:55:03,712,none,0.0,0.0,0,0,0,0,0,0
1777272903.927548,2026-04-27 01:55:03,715,none,0.0,0.0,0,0,0,0,0,0
1777272903.95447,2026-04-27 01:55:03,718,none,0.0,0.0,0,0,0,0,0,0
1777272903.9820318,2026-04-27 01:55:03,721,none,0.0,0.0,0,0,0,0,0,0
1777272904.009731,2026-04-27 01:55:04,724,none,0.0,0.0,0,0,0,0,0,0
1777272904.033976,2026-04-27 01:55:04,727,none,0.0,0.0,0,0,0,0,0,0
1777272904.059644,2026-04-27 01:55:04,730,Person,0.37228450179100037,2.296386957168579,226,265,234,292,230,278
1777272904.082191,2026-04-27 01:55:04,733,none,0.0,0.0,0,0,0,0,0,0
1777272904.10479,2026-04-27 01:55:04,736,none,0.0,0.0,0,0,0,0,0,0
1777272904.129177,2026-04-27 01:55:04,739,none,0.0,0.0,0,0,0,0,0,0
1777272904.156935,2026-04-27 01:55:04,742,none,0.0,0.0,0,0,0,0,0,0
1777272904.184384,2026-04-27 01:55:04,745,none,0.0,0.0,0,0,0,0,0,0
1777272904.2105842,2026-04-27 01:55:04,748,none,0.0,0.0,0,0,0,0,0,0
1777272904.236083,2026-04-27 01:55:04,751,none,0.0,0.0,0,0,0,0,0,0
1777272904.261406,2026-04-27 01:55:04,754,none,0.0,0.0,0,0,0,0,0,0
1777272904.287301,2026-04-27 01:55:04,757,none,0.0,0.0,0,0,0,0,0,0
1777272904.313278,2026-04-27 01:55:04,760,none,0.0,0.0,0,0,0,0,0,0
1777272904.3407161,2026-04-27 01:55:04,763,none,0.0,0.0,0,0,0,0,0,0
1777272904.36732,2026-04-27 01:55:04,766,none,0.0,0.0,0,0,0,0,0,0
1777272904.3935978,2026-04-27 01:55:04,769,none,0.0,0.0,0,0,0,0,0,0
1777272904.4229949,2026-04-27 01:55:04,772,none,0.0,0.0,0,0,0,0,0,0
1777272904.450907,2026-04-27 01:55:04,775,none,0.0,0.0,0,0,0,0,0,0
1777272904.477438,2026-04-27 01:55:04,778,none,0.0,0.0,0,0,0,0,0,0
1777272904.5081332,2026-04-27 01:55:04,781,Person,0.35623446106910706,1.455899715423584,226,340,243,360,234,350
1777272904.534986,2026-04-27 01:55:04,784,none,0.0,0.0,0,0,0,0,0,0
1777272904.5616891,2026-04-27 01:55:04,787,none,0.0,0.0,0,0,0,0,0,0
1777272904.588798,2026-04-27 01:55:04,790,none,0.0,0.0,0,0,0,0,0,0
1777272904.616545,2026-04-27 01:55:04,793,none,0.0,0.0,0,0,0,0,0,0
1777272904.643432,2026-04-27 01:55:04,796,none,0.0,0.0,0,0,0,0,0,0
1777272904.671245,2026-04-27 01:55:04,799,none,0.0,0.0,0,0,0,0,0,0
1777272904.699361,2026-04-27 01:55:04,802,none,0.0,0.0,0,0,0,0,0,0
1777272904.7260642,2026-04-27 01:55:04,805,none,0.0,0.0,0,0,0,0,0,0
1777272904.752647,2026-04-27 01:55:04,808,none,0.0,0.0,0,0,0,0,0,0
1777272904.783247,2026-04-27 01:55:04,811,Person,0.3583758473396301,2.2298965454101562,461,286,483,325,472,305
1777272904.809771,2026-04-27 01:55:04,814,none,0.0,0.0,0,0,0,0,0,0
1777272904.8601441,2026-04-27 01:55:04,817,Vehicle,0.6877793073654175,2.8496644496917725,445,131,501,176,473,153
1777272904.88796,2026-04-27 01:55:04,820,none,0.0,0.0,0,0,0,0,0,0
1777272904.9156039,2026-04-27 01:55:04,823,none,0.0,0.0,0,0,0,0,0,0
1777272904.942524,2026-04-27 01:55:04,826,none,0.0,0.0,0,0,0,0,0,0
1777272904.969038,2026-04-27 01:55:04,829,none,0.0,0.0,0,0,0,0,0,0
1777272904.995264,2026-04-27 01:55:04,832,none,0.0,0.0,0,0,0,0,0,0
1777272905.0213,2026-04-27 01:55:05,835,none,0.0,0.0,0,0,0,0,0,0
1777272905.048825,2026-04-27 01:55:05,838,none,0.0,0.0,0,0,0,0,0,0
1777272905.0765572,2026-04-27 01:55:05,841,none,0.0,0.0,0,0,0,0,0,0
1777272905.104348,2026-04-27 01:55:05,844,none,0.0,0.0,0,0,0,0,0,0
1777272905.131777,2026-04-27 01:55:05,847,none,0.0,0.0,0,0,0,0,0,0
1777272905.159403,2026-04-27 01:55:05,850,none,0.0,0.0,0,0,0,0,0,0
1777272905.1863449,2026-04-27 01:55:05,853,none,0.0,0.0,0,0,0,0,0,0
1777272905.212477,2026-04-27 01:55:05,856,none,0.0,0.0,0,0,0,0,0,0
1777272905.23875,2026-04-27 01:55:05,859,none,0.0,0.0,0,0,0,0,0,0
1777272905.271004,2026-04-27 01:55:05,862,Person,0.6664366126060486,2.839822769165039,205,246,217,279,211,262
1777272905.271004,2026-04-27 01:55:05,862,Person,0.45538002252578735,2.311265468597412,446,293,459,330,452,311
1777272905.302871,2026-04-27 01:55:05,865,Person,0.48936861753463745,3.223600149154663,67,175,84,204,75,189
1777272905.329524,2026-04-27 01:55:05,868,none,0.0,0.0,0,0,0,0,0,0
1777272905.380109,2026-04-27 01:55:05,871,Person,0.6617578268051147,1.9978398084640503,172,295,192,343,182,319
1777272905.380109,2026-04-27 01:55:05,871,Person,0.48099029064178467,1.6587454080581665,15,317,38,355,26,336
1777272905.41167,2026-04-27 01:55:05,874,Person,0.4557553827762604,1.6805167198181152,15,322,39,356,27,339
1777272905.4420109,2026-04-27 01:55:05,877,none,0.0,0.0,0,0,0,0,0,0
1777272905.468381,2026-04-27 01:55:05,880,none,0.0,0.0,0,0,0,0,0,0
1777272905.495061,2026-04-27 01:55:05,883,none,0.0,0.0,0,0,0,0,0,0
1777272905.522986,2026-04-27 01:55:05,886,none,0.0,0.0,0,0,0,0,0,0
1777272905.550693,2026-04-27 01:55:05,889,none,0.0,0.0,0,0,0,0,0,0
1777272905.577864,2026-04-27 01:55:05,892,none,0.0,0.0,0,0,0,0,0,0
1777272905.6042418,2026-04-27 01:55:05,895,none,0.0,0.0,0,0,0,0,0,0
1777272905.63619,2026-04-27 01:55:05,898,Machinery,0.4222126007080078,1.2400851249694824,316,323,389,359,352,341
1777272905.6682081,2026-04-27 01:55:05,901,Machinery,0.5578773021697998,3.7879185676574707,156,155,223,239,189,197
1777272905.695123,2026-04-27 01:55:05,904,none,0.0,0.0,0,0,0,0,0,0
1777272905.721568,2026-04-27 01:55:05,907,none,0.0,0.0,0,0,0,0,0,0
1777272905.752198,2026-04-27 01:55:05,910,none,0.0,0.0,0,0,0,0,0,0
1777272905.784108,2026-04-27 01:55:05,913,none,0.0,0.0,0,0,0,0,0,0
1777272905.816044,2026-04-27 01:55:05,916,none,0.0,0.0,0,0,0,0,0,0
1777272905.867511,2026-04-27 01:55:05,919,Vehicle,0.7031747698783875,1.9774515628814697,446,137,506,200,476,168
1777272905.8989298,2026-04-27 01:55:05,922,none,0.0,0.0,0,0,0,0,0,0
1777272905.926354,2026-04-27 01:55:05,925,none,0.0,0.0,0,0,0,0,0,0
1777272905.953669,2026-04-27 01:55:05,928,none,0.0,0.0,0,0,0,0,0,0
1777272905.98562,2026-04-27 01:55:05,931,none,0.0,0.0,0,0,0,0,0,0
1777272906.012985,2026-04-27 01:55:06,934,none,0.0,0.0,0,0,0,0,0,0
1777272906.044864,2026-04-27 01:55:06,937,Person,0.43540701270103455,1.9898474216461182,11,317,25,349,18,333
1777272906.076745,2026-04-27 01:55:06,940,Person,0.5252746343612671,2.7769718170166016,195,242,205,272,200,257
1777272906.10335,2026-04-27 01:55:06,943,none,0.0,0.0,0,0,0,0,0,0
1777272906.1350021,2026-04-27 01:55:06,946,none,0.0,0.0,0,0,0,0,0,0
1777272906.161649,2026-04-27 01:55:06,949,none,0.0,0.0,0,0,0,0,0,0
1777272906.193734,2026-04-27 01:55:06,952,Vehicle,0.3612496554851532,3.9350786209106445,450,142,512,209,481,175
1777272906.221401,2026-04-27 01:55:06,955,none,0.0,0.0,0,0,0,0,0,0
1777272906.2528331,2026-04-27 01:55:06,958,Person,0.47962671518325806,1.9628937244415283,253,270,268,303,260,286
1777272906.28056,2026-04-27 01:55:06,961,none,0.0,0.0,0,0,0,0,0,0
1777272906.3085241,2026-04-27 01:55:06,964,none,0.0,0.0,0,0,0,0,0,0
1777272906.335683,2026-04-27 01:55:06,967,none,0.0,0.0,0,0,0,0,0,0
1777272906.3636029,2026-04-27 01:55:06,970,none,0.0,0.0,0,0,0,0,0,0
1777272906.391526,2026-04-27 01:55:06,973,none,0.0,0.0,0,0,0,0,0,0
1777272906.418698,2026-04-27 01:55:06,976,none,0.0,0.0,0,0,0,0,0,0
1777272906.445846,2026-04-27 01:55:06,979,none,0.0,0.0,0,0,0,0,0,0
1777272906.4732149,2026-04-27 01:55:06,982,none,0.0,0.0,0,0,0,0,0,0
1777272906.504919,2026-04-27 01:55:06,985,none,0.0,0.0,0,0,0,0,0,0
1777272906.5328052,2026-04-27 01:55:06,988,none,0.0,0.0,0,0,0,0,0,0
1777272906.561167,2026-04-27 01:55:06,991,none,0.0,0.0,0,0,0,0,0,0
1777272906.592088,2026-04-27 01:55:06,994,none,0.0,0.0,0,0,0,0,0,0
1777272906.6232178,2026-04-27 01:55:06,997,Person,0.5326769948005676,2.3249049186706543,161,275,178,310,169,292
1777272906.6516511,2026-04-27 01:55:06,1000,none,0.0,0.0,0,0,0,0,0,0
1777272906.679169,2026-04-27 01:55:06,1003,none,0.0,0.0,0,0,0,0,0,0
1777272906.70556,2026-04-27 01:55:06,1006,none,0.0,0.0,0,0,0,0,0,0
1777272906.737258,2026-04-27 01:55:06,1009,Vehicle,0.7933312058448792,2.866291046142578,182,130,232,188,207,159
1777272906.737258,2026-04-27 01:55:06,1009,Person,0.5737729072570801,2.292388677597046,159,275,171,308,165,291
1777272906.769126,2026-04-27 01:55:06,1012,Person,0.4711315333843231,2.12229323387146,152,274,168,314,160,294
1777272906.799878,2026-04-27 01:55:06,1015,Vehicle,0.6524637937545776,3.3642921447753906,226,173,280,251,253,212
1777272906.826781,2026-04-27 01:55:06,1018,none,0.0,0.0,0,0,0,0,0,0
1777272906.853766,2026-04-27 01:55:06,1021,none,0.0,0.0,0,0,0,0,0,0
1777272906.881212,2026-04-27 01:55:06,1024,none,0.0,0.0,0,0,0,0,0,0
1777272906.909246,2026-04-27 01:55:06,1027,none,0.0,0.0,0,0,0,0,0,0
1777272906.936992,2026-04-27 01:55:06,1030,none,0.0,0.0,0,0,0,0,0,0
1777272906.9650922,2026-04-27 01:55:06,1033,none,0.0,0.0,0,0,0,0,0,0
1777272906.996692,2026-04-27 01:55:06,1036,none,0.0,0.0,0,0,0,0,0,0
1777272907.0243819,2026-04-27 01:55:07,1039,none,0.0,0.0,0,0,0,0,0,0
1777272907.051853,2026-04-27 01:55:07,1042,none,0.0,0.0,0,0,0,0,0,0
1777272907.079843,2026-04-27 01:55:07,1045,none,0.0,0.0,0,0,0,0,0,0
1777272907.108175,2026-04-27 01:55:07,1048,none,0.0,0.0,0,0,0,0,0,0
1777272907.134986,2026-04-27 01:55:07,1051,none,0.0,0.0,0,0,0,0,0,0
1777272907.1629992,2026-04-27 01:55:07,1054,none,0.0,0.0,0,0,0,0,0,0
1777272907.190633,2026-04-27 01:55:07,1057,none,0.0,0.0,0,0,0,0,0,0
1777272907.217665,2026-04-27 01:55:07,1060,none,0.0,0.0,0,0,0,0,0,0
1777272907.244339,2026-04-27 01:55:07,1063,none,0.0,0.0,0,0,0,0,0,0
1777272907.2704241,2026-04-27 01:55:07,1066,none,0.0,0.0,0,0,0,0,0,0
1777272907.298432,2026-04-27 01:55:07,1069,none,0.0,0.0,0,0,0,0,0,0
1777272907.3267012,2026-04-27 01:55:07,1072,none,0.0,0.0,0,0,0,0,0,0
1777272907.3538089,2026-04-27 01:55:07,1075,none,0.0,0.0,0,0,0,0,0,0
1777272907.381532,2026-04-27 01:55:07,1078,none,0.0,0.0,0,0,0,0,0,0
1777272907.410017,2026-04-27 01:55:07,1081,none,0.0,0.0,0,0,0,0,0,0
1777272907.439565,2026-04-27 01:55:07,1084,none,0.0,0.0,0,0,0,0,0,0
1777272907.467411,2026-04-27 01:55:07,1087,none,0.0,0.0,0,0,0,0,0,0
1777272907.49549,2026-04-27 01:55:07,1090,none,0.0,0.0,0,0,0,0,0,0
1777272907.527334,2026-04-27 01:55:07,1093,none,0.0,0.0,0,0,0,0,0,0
1777272907.5540211,2026-04-27 01:55:07,1096,none,0.0,0.0,0,0,0,0,0,0
1777272907.580462,2026-04-27 01:55:07,1099,none,0.0,0.0,0,0,0,0,0,0
1777272907.607716,2026-04-27 01:55:07,1102,none,0.0,0.0,0,0,0,0,0,0
1777272907.6350799,2026-04-27 01:55:07,1105,none,0.0,0.0,0,0,0,0,0,0
1777272907.661845,2026-04-27 01:55:07,1108,none,0.0,0.0,0,0,0,0,0,0
1777272907.687895,2026-04-27 01:55:07,1111,none,0.0,0.0,0,0,0,0,0,0
1777272907.7156942,2026-04-27 01:55:07,1114,none,0.0,0.0,0,0,0,0,0,0
1777272907.743697,2026-04-27 01:55:07,1117,none,0.0,0.0,0,0,0,0,0,0
1777272907.771706,2026-04-27 01:55:07,1120,none,0.0,0.0,0,0,0,0,0,0
1777272907.799417,2026-04-27 01:55:07,1123,none,0.0,0.0,0,0,0,0,0,0
1777272907.827373,2026-04-27 01:55:07,1126,none,0.0,0.0,0,0,0,0,0,0
1777272907.858351,2026-04-27 01:55:07,1129,none,0.0,0.0,0,0,0,0,0,0
1777272907.8855731,2026-04-27 01:55:07,1132,none,0.0,0.0,0,0,0,0,0,0
1777272907.912082,2026-04-27 01:55:07,1135,none,0.0,0.0,0,0,0,0,0,0
1777272907.9395552,2026-04-27 01:55:07,1138,none,0.0,0.0,0,0,0,0,0,0
1777272907.967668,2026-04-27 01:55:07,1141,none,0.0,0.0,0,0,0,0,0,0
1777272907.994386,2026-04-27 01:55:07,1144,none,0.0,0.0,0,0,0,0,0,0
1777272908.0204911,2026-04-27 01:55:08,1147,none,0.0,0.0,0,0,0,0,0,0
1777272908.050227,2026-04-27 01:55:08,1150,none,0.0,0.0,0,0,0,0,0,0
1777272908.07871,2026-04-27 01:55:08,1153,none,0.0,0.0,0,0,0,0,0,0
1777272908.106496,2026-04-27 01:55:08,1156,none,0.0,0.0,0,0,0,0,0,0
1777272908.134478,2026-04-27 01:55:08,1159,none,0.0,0.0,0,0,0,0,0,0
1777272908.166529,2026-04-27 01:55:08,1162,Person,0.48140764236450195,2.1679024696350098,347,286,367,323,357,304
1777272908.194617,2026-04-27 01:55:08,1165,none,0.0,0.0,0,0,0,0,0,0
1777272908.221809,2026-04-27 01:55:08,1168,none,0.0,0.0,0,0,0,0,0,0
1777272908.249331,2026-04-27 01:55:08,1171,none,0.0,0.0,0,0,0,0,0,0
1777272908.279972,2026-04-27 01:55:08,1174,Machinery,0.4000515043735504,1.5011680126190186,249,323,373,360,311,341
1777272908.3073988,2026-04-27 01:55:08,1177,none,0.0,0.0,0,0,0,0,0,0
1777272908.3337548,2026-04-27 01:55:08,1180,none,0.0,0.0,0,0,0,0,0,0
1777272908.3648288,2026-04-27 01:55:08,1183,Vehicle,0.6753260493278503,3.748216390609741,430,170,498,238,464,204
1777272908.3648288,2026-04-27 01:55:08,1183,Person,0.3989855945110321,1.8440163135528564,371,300,390,339,380,319
1777272908.3969212,2026-04-27 01:55:08,1186,Person,0.4466353952884674,3.95438814163208,609,155,639,247,624,201
1777272908.4250271,2026-04-27 01:55:08,1189,none,0.0,0.0,0,0,0,0,0,0
1777272908.4558878,2026-04-27 01:55:08,1192,none,0.0,0.0,0,0,0,0,0,0
1777272908.48752,2026-04-27 01:55:08,1195,Machinery,0.49061810970306396,2.422144889831543,238,304,303,353,270,328
1777272908.5153542,2026-04-27 01:55:08,1198,none,0.0,0.0,0,0,0,0,0,0
1777272908.542947,2026-04-27 01:55:08,1201,none,0.0,0.0,0,0,0,0,0,0
1777272908.56992,2026-04-27 01:55:08,1204,none,0.0,0.0,0,0,0,0,0,0
1777272908.596061,2026-04-27 01:55:08,1207,none,0.0,0.0,0,0,0,0,0,0
1777272908.62361,2026-04-27 01:55:08,1210,none,0.0,0.0,0,0,0,0,0,0
1777272908.6512551,2026-04-27 01:55:08,1213,none,0.0,0.0,0,0,0,0,0,0
1777272908.678144,2026-04-27 01:55:08,1216,none,0.0,0.0,0,0,0,0,0,0
1777272908.704283,2026-04-27 01:55:08,1219,none,0.0,0.0,0,0,0,0,0,0
1777272908.731848,2026-04-27 01:55:08,1222,none,0.0,0.0,0,0,0,0,0,0
1777272908.7637708,2026-04-27 01:55:08,1225,Person,0.3884492516517639,2.4997482299804688,91,278,110,332,100,305
1777272908.791595,2026-04-27 01:55:08,1228,none,0.0,0.0,0,0,0,0,0,0
1777272908.8195121,2026-04-27 01:55:08,1231,none,0.0,0.0,0,0,0,0,0,0
1777272908.847151,2026-04-27 01:55:08,1234,none,0.0,0.0,0,0,0,0,0,0
1777272908.8749819,2026-04-27 01:55:08,1237,none,0.0,0.0,0,0,0,0,0,0
1777272908.9021702,2026-04-27 01:55:08,1240,none,0.0,0.0,0,0,0,0,0,0
1777272908.928944,2026-04-27 01:55:08,1243,none,0.0,0.0,0,0,0,0,0,0
1777272908.955628,2026-04-27 01:55:08,1246,none,0.0,0.0,0,0,0,0,0,0
1777272908.98301,2026-04-27 01:55:08,1249,none,0.0,0.0,0,0,0,0,0,0
1777272909.00981,2026-04-27 01:55:09,1252,none,0.0,0.0,0,0,0,0,0,0
1777272909.036156,2026-04-27 01:55:09,1255,none,0.0,0.0,0,0,0,0,0,0
1777272909.0622442,2026-04-27 01:55:09,1258,none,0.0,0.0,0,0,0,0,0,0
1777272909.084018,2026-04-27 01:55:09,1261,none,0.0,0.0,0,0,0,0,0,0
1777272909.109372,2026-04-27 01:55:09,1264,Person,0.3964592218399048,2.354123592376709,202,323,223,359,212,341
1777272909.1313658,2026-04-27 01:55:09,1267,none,0.0,0.0,0,0,0,0,0,0
1777272909.1531231,2026-04-27 01:55:09,1270,none,0.0,0.0,0,0,0,0,0,0
1777272909.1824892,2026-04-27 01:55:09,1273,Person,0.42954084277153015,2.387065887451172,145,315,160,346,152,330
1777272909.209333,2026-04-27 01:55:09,1276,none,0.0,0.0,0,0,0,0,0,0
1777272909.235554,2026-04-27 01:55:09,1279,none,0.0,0.0,0,0,0,0,0,0
1777272909.261647,2026-04-27 01:55:09,1282,none,0.0,0.0,0,0,0,0,0,0
1777272909.287667,2026-04-27 01:55:09,1285,none,0.0,0.0,0,0,0,0,0,0
1777272909.314964,2026-04-27 01:55:09,1288,none,0.0,0.0,0,0,0,0,0,0
1777272909.3422809,2026-04-27 01:55:09,1291,none,0.0,0.0,0,0,0,0,0,0
1777272909.368766,2026-04-27 01:55:09,1294,none,0.0,0.0,0,0,0,0,0,0
1777272909.394779,2026-04-27 01:55:09,1297,none,0.0,0.0,0,0,0,0,0,0
1777272909.420928,2026-04-27 01:55:09,1300,none,0.0,0.0,0,0,0,0,0,0
1777272909.448554,2026-04-27 01:55:09,1303,none,0.0,0.0,0,0,0,0,0,0
1777272909.477099,2026-04-27 01:55:09,1306,none,0.0,0.0,0,0,0,0,0,0
1777272909.504673,2026-04-27 01:55:09,1309,none,0.0,0.0,0,0,0,0,0,0
1777272909.532325,2026-04-27 01:55:09,1312,none,0.0,0.0,0,0,0,0,0,0
1777272909.559082,2026-04-27 01:55:09,1315,none,0.0,0.0,0,0,0,0,0,0
1777272909.585577,2026-04-27 01:55:09,1318,none,0.0,0.0,0,0,0,0,0,0
1777272909.6116512,2026-04-27 01:55:09,1321,none,0.0,0.0,0,0,0,0,0,0
1777272909.6383622,2026-04-27 01:55:09,1324,none,0.0,0.0,0,0,0,0,0,0
1777272909.666155,2026-04-27 01:55:09,1327,none,0.0,0.0,0,0,0,0,0,0
1777272909.693258,2026-04-27 01:55:09,1330,none,0.0,0.0,0,0,0,0,0,0
1777272909.723979,2026-04-27 01:55:09,1333,Machinery,0.35042452812194824,1.6394357681274414,317,329,372,360,344,344
1777272909.750763,2026-04-27 01:55:09,1336,none,0.0,0.0,0,0,0,0,0,0
1777272909.777091,2026-04-27 01:55:09,1339,none,0.0,0.0,0,0,0,0,0,0
1777272909.8051178,2026-04-27 01:55:09,1342,none,0.0,0.0,0,0,0,0,0,0
1777272909.832764,2026-04-27 01:55:09,1345,none,0.0,0.0,0,0,0,0,0,0
1777272909.859642,2026-04-27 01:55:09,1348,none,0.0,0.0,0,0,0,0,0,0
1777272909.886608,2026-04-27 01:55:09,1351,none,0.0,0.0,0,0,0,0,0,0
1777272909.913931,2026-04-27 01:55:09,1354,none,0.0,0.0,0,0,0,0,0,0
1777272909.941194,2026-04-27 01:55:09,1357,none,0.0,0.0,0,0,0,0,0,0
1777272909.9687302,2026-04-27 01:55:09,1360,none,0.0,0.0,0,0,0,0,0,0
1777272909.9966211,2026-04-27 01:55:09,1363,none,0.0,0.0,0,0,0,0,0,0
1777272910.0246441,2026-04-27 01:55:10,1366,none,0.0,0.0,0,0,0,0,0,0
1777272910.052177,2026-04-27 01:55:10,1369,none,0.0,0.0,0,0,0,0,0,0
1777272910.078944,2026-04-27 01:55:10,1372,none,0.0,0.0,0,0,0,0,0,0
1777272910.1066,2026-04-27 01:55:10,1375,none,0.0,0.0,0,0,0,0,0,0
1777272910.133378,2026-04-27 01:55:10,1378,none,0.0,0.0,0,0,0,0,0,0
1777272910.1611059,2026-04-27 01:55:10,1381,none,0.0,0.0,0,0,0,0,0,0
1777272910.18875,2026-04-27 01:55:10,1384,none,0.0,0.0,0,0,0,0,0,0
1777272910.2153358,2026-04-27 01:55:10,1387,none,0.0,0.0,0,0,0,0,0,0
1777272910.240442,2026-04-27 01:55:10,1390,none,0.0,0.0,0,0,0,0,0,0
1777272910.27054,2026-04-27 01:55:10,1393,Person,0.3946702182292938,2.6831467151641846,210,292,227,330,218,311
1777272910.297663,2026-04-27 01:55:10,1396,none,0.0,0.0,0,0,0,0,0,0
1777272910.324655,2026-04-27 01:55:10,1399,none,0.0,0.0,0,0,0,0,0,0
1777272910.352632,2026-04-27 01:55:10,1402,none,0.0,0.0,0,0,0,0,0,0
1777272910.38015,2026-04-27 01:55:10,1405,none,0.0,0.0,0,0,0,0,0,0
1777272910.406955,2026-04-27 01:55:10,1408,none,0.0,0.0,0,0,0,0,0,0
1777272910.433343,2026-04-27 01:55:10,1411,none,0.0,0.0,0,0,0,0,0,0
1777272910.4595258,2026-04-27 01:55:10,1414,none,0.0,0.0,0,0,0,0,0,0
1777272910.487145,2026-04-27 01:55:10,1417,none,0.0,0.0,0,0,0,0,0,0
1777272910.513448,2026-04-27 01:55:10,1420,none,0.0,0.0,0,0,0,0,0,0
1777272910.5396218,2026-04-27 01:55:10,1423,none,0.0,0.0,0,0,0,0,0,0
1777272910.566484,2026-04-27 01:55:10,1426,none,0.0,0.0,0,0,0,0,0,0
1777272910.593765,2026-04-27 01:55:10,1429,none,0.0,0.0,0,0,0,0,0,0
1777272910.620955,2026-04-27 01:55:10,1432,none,0.0,0.0,0,0,0,0,0,0
1777272910.648604,2026-04-27 01:55:10,1435,none,0.0,0.0,0,0,0,0,0,0
1777272910.6751192,2026-04-27 01:55:10,1438,none,0.0,0.0,0,0,0,0,0,0
1777272910.7025862,2026-04-27 01:55:10,1441,none,0.0,0.0,0,0,0,0,0,0
1777272910.729963,2026-04-27 01:55:10,1444,none,0.0,0.0,0,0,0,0,0,0
1777272910.75665,2026-04-27 01:55:10,1447,none,0.0,0.0,0,0,0,0,0,0
1777272910.783484,2026-04-27 01:55:10,1450,none,0.0,0.0,0,0,0,0,0,0
1777272910.811319,2026-04-27 01:55:10,1453,none,0.0,0.0,0,0,0,0,0,0
1777272910.842565,2026-04-27 01:55:10,1456,Person,0.6691995859146118,2.579226016998291,11,294,29,335,20,314
1777272910.870432,2026-04-27 01:55:10,1459,none,0.0,0.0,0,0,0,0,0,0
1777272910.8972101,2026-04-27 01:55:10,1462,none,0.0,0.0,0,0,0,0,0,0
1777272910.9239428,2026-04-27 01:55:10,1465,none,0.0,0.0,0,0,0,0,0,0
1777272910.950037,2026-04-27 01:55:10,1468,none,0.0,0.0,0,0,0,0,0,0
1777272910.977789,2026-04-27 01:55:10,1471,none,0.0,0.0,0,0,0,0,0,0
1777272911.005186,2026-04-27 01:55:11,1474,none,0.0,0.0,0,0,0,0,0,0
1777272911.0310311,2026-04-27 01:55:11,1477,none,0.0,0.0,0,0,0,0,0,0
1777272911.0572438,2026-04-27 01:55:11,1480,none,0.0,0.0,0,0,0,0,0,0
1777272911.083633,2026-04-27 01:55:11,1483,none,0.0,0.0,0,0,0,0,0,0
1777272911.11548,2026-04-27 01:55:11,1486,Person,0.41900402307510376,1.3893764019012451,21,320,68,360,44,340
1777272911.141964,2026-04-27 01:55:11,1489,none,0.0,0.0,0,0,0,0,0,0
1777272911.173541,2026-04-27 01:55:11,1492,Machinery,0.48397114872932434,3.209416627883911,166,151,226,218,196,184
1777272911.173541,2026-04-27 01:55:11,1492,Vehicle,0.3589633107185364,2.901719093322754,236,177,272,209,254,193
1777272911.2059798,2026-04-27 01:55:11,1495,Person,0.39821213483810425,2.2677083015441895,533,323,551,359,542,341
1777272911.233888,2026-04-27 01:55:11,1498,none,0.0,0.0,0,0,0,0,0,0
1777272911.261649,2026-04-27 01:55:11,1501,none,0.0,0.0,0,0,0,0,0,0
1777272911.2885618,2026-04-27 01:55:11,1504,none,0.0,0.0,0,0,0,0,0,0
1777272911.314883,2026-04-27 01:55:11,1507,none,0.0,0.0,0,0,0,0,0,0
1777272911.340825,2026-04-27 01:55:11,1510,none,0.0,0.0,0,0,0,0,0,0
1777272911.3670442,2026-04-27 01:55:11,1513,none,0.0,0.0,0,0,0,0,0,0
1777272911.395125,2026-04-27 01:55:11,1516,none,0.0,0.0,0,0,0,0,0,0
1777272911.423053,2026-04-27 01:55:11,1519,none,0.0,0.0,0,0,0,0,0,0
1777272911.449506,2026-04-27 01:55:11,1522,none,0.0,0.0,0,0,0,0,0,0
1777272911.475727,2026-04-27 01:55:11,1525,none,0.0,0.0,0,0,0,0,0,0
1777272911.504027,2026-04-27 01:55:11,1528,none,0.0,0.0,0,0,0,0,0,0
1777272911.530942,2026-04-27 01:55:11,1531,none,0.0,0.0,0,0,0,0,0,0
1777272911.5573912,2026-04-27 01:55:11,1534,none,0.0,0.0,0,0,0,0,0,0
1777272911.589392,2026-04-27 01:55:11,1537,Person,0.5025405287742615,2.830679416656494,513,280,537,332,525,306
1777272911.589392,2026-04-27 01:55:11,1537,Person,0.44251200556755066,2.862027168273926,515,283,533,322,524,302
1777272911.61641,2026-04-27 01:55:11,1540,none,0.0,0.0,0,0,0,0,0,0
1777272911.643967,2026-04-27 01:55:11,1543,none,0.0,0.0,0,0,0,0,0,0
1777272911.6755111,2026-04-27 01:55:11,1546,none,0.0,0.0,0,0,0,0,0,0
1777272911.703598,2026-04-27 01:55:11,1549,none,0.0,0.0,0,0,0,0,0,0
1777272911.730742,2026-04-27 01:55:11,1552,none,0.0,0.0,0,0,0,0,0,0
1777272911.75734,2026-04-27 01:55:11,1555,none,0.0,0.0,0,0,0,0,0,0
1777272911.783819,2026-04-27 01:55:11,1558,none,0.0,0.0,0,0,0,0,0,0
1777272911.815215,2026-04-27 01:55:11,1561,Person,0.36026403307914734,2.40474796295166,148,301,169,345,158,323
1777272911.8460958,2026-04-27 01:55:11,1564,Person,0.5354993343353271,2.741881847381592,89,310,104,343,96,326
1777272911.873111,2026-04-27 01:55:11,1567,none,0.0,0.0,0,0,0,0,0,0
1777272911.9000041,2026-04-27 01:55:11,1570,none,0.0,0.0,0,0,0,0,0,0
1777272911.926146,2026-04-27 01:55:11,1573,none,0.0,0.0,0,0,0,0,0,0
1777272911.9578712,2026-04-27 01:55:11,1576,Person,0.40327122807502747,2.5742034912109375,274,288,290,325,282,306
1777272911.9890602,2026-04-27 01:55:11,1579,Person,0.4099922180175781,2.6808972358703613,21,290,36,331,28,310
1777272912.0206761,2026-04-27 01:55:12,1582,Person,0.5318669080734253,2.395810127258301,16,291,33,332,24,311
1777272912.047998,2026-04-27 01:55:12,1585,none,0.0,0.0,0,0,0,0,0,0
1777272912.074374,2026-04-27 01:55:12,1588,none,0.0,0.0,0,0,0,0,0,0
1777272912.1002738,2026-04-27 01:55:12,1591,none,0.0,0.0,0,0,0,0,0,0
1777272912.128059,2026-04-27 01:55:12,1594,none,0.0,0.0,0,0,0,0,0,0
1777272912.1555572,2026-04-27 01:55:12,1597,none,0.0,0.0,0,0,0,0,0,0
1777272912.182255,2026-04-27 01:55:12,1600,none,0.0,0.0,0,0,0,0,0,0
1777272912.208381,2026-04-27 01:55:12,1603,none,0.0,0.0,0,0,0,0,0,0
1777272912.236075,2026-04-27 01:55:12,1606,none,0.0,0.0,0,0,0,0,0,0
1777272912.263722,2026-04-27 01:55:12,1609,none,0.0,0.0,0,0,0,0,0,0
1777272912.29148,2026-04-27 01:55:12,1612,none,0.0,0.0,0,0,0,0,0,0
1777272912.319098,2026-04-27 01:55:12,1615,none,0.0,0.0,0,0,0,0,0,0
1777272912.346532,2026-04-27 01:55:12,1618,none,0.0,0.0,0,0,0,0,0,0
1777272912.372853,2026-04-27 01:55:12,1621,none,0.0,0.0,0,0,0,0,0,0
1777272912.398902,2026-04-27 01:55:12,1624,none,0.0,0.0,0,0,0,0,0,0
1777272912.425129,2026-04-27 01:55:12,1627,none,0.0,0.0,0,0,0,0,0,0
1777272912.452873,2026-04-27 01:55:12,1630,none,0.0,0.0,0,0,0,0,0,0
1777272912.484426,2026-04-27 01:55:12,1633,Person,0.46910202503204346,2.3163840770721436,247,291,258,328,252,309
1777272912.51227,2026-04-27 01:55:12,1636,none,0.0,0.0,0,0,0,0,0,0
1777272912.539126,2026-04-27 01:55:12,1639,none,0.0,0.0,0,0,0,0,0,0
1777272912.5655801,2026-04-27 01:55:12,1642,none,0.0,0.0,0,0,0,0,0,0
1777272912.593011,2026-04-27 01:55:12,1645,none,0.0,0.0,0,0,0,0,0,0
1777272912.620756,2026-04-27 01:55:12,1648,none,0.0,0.0,0,0,0,0,0,0
1777272912.647252,2026-04-27 01:55:12,1651,none,0.0,0.0,0,0,0,0,0,0
1777272912.6779141,2026-04-27 01:55:12,1654,Person,0.4129996597766876,2.592026710510254,244,290,258,328,251,309
1777272912.7089138,2026-04-27 01:55:12,1657,Person,0.3643096685409546,2.593857765197754,23,300,34,333,28,316
1777272912.740453,2026-04-27 01:55:12,1660,none,0.0,0.0,0,0,0,0,0,0
1777272912.7668622,2026-04-27 01:55:12,1663,none,0.0,0.0,0,0,0,0,0,0
1777272912.794549,2026-04-27 01:55:12,1666,none,0.0,0.0,0,0,0,0,0,0
1777272912.821734,2026-04-27 01:55:12,1669,none,0.0,0.0,0,0,0,0,0,0
1777272912.849671,2026-04-27 01:55:12,1672,none,0.0,0.0,0,0,0,0,0,0
1777272912.877301,2026-04-27 01:55:12,1675,none,0.0,0.0,0,0,0,0,0,0
1777272912.905134,2026-04-27 01:55:12,1678,none,0.0,0.0,0,0,0,0,0,0
1777272912.93595,2026-04-27 01:55:12,1681,Person,0.42802348732948303,2.9407715797424316,188,277,206,322,197,299
1777272912.9638011,2026-04-27 01:55:12,1684,none,0.0,0.0,0,0,0,0,0,0
1777272912.991934,2026-04-27 01:55:12,1687,none,0.0,0.0,0,0,0,0,0,0
1777272913.0199091,2026-04-27 01:55:13,1690,none,0.0,0.0,0,0,0,0,0,0
1777272913.0485718,2026-04-27 01:55:13,1693,none,0.0,0.0,0,0,0,0,0,0
1777272913.075139,2026-04-27 01:55:13,1696,none,0.0,0.0,0,0,0,0,0,0
1777272913.1026251,2026-04-27 01:55:13,1699,none,0.0,0.0,0,0,0,0,0,0
1777272913.129932,2026-04-27 01:55:13,1702,none,0.0,0.0,0,0,0,0,0,0
1777272913.1580212,2026-04-27 01:55:13,1705,none,0.0,0.0,0,0,0,0,0,0
1777272913.185465,2026-04-27 01:55:13,1708,none,0.0,0.0,0,0,0,0,0,0
1777272913.213304,2026-04-27 01:55:13,1711,none,0.0,0.0,0,0,0,0,0,0
1777272913.239733,2026-04-27 01:55:13,1714,none,0.0,0.0,0,0,0,0,0,0
1777272913.265335,2026-04-27 01:55:13,1717,none,0.0,0.0,0,0,0,0,0,0
1777272913.295878,2026-04-27 01:55:13,1720,Person,0.41457611322402954,2.173898220062256,167,305,185,346,176,325
1777272913.32246,2026-04-27 01:55:13,1723,none,0.0,0.0,0,0,0,0,0,0
1777272913.348796,2026-04-27 01:55:13,1726,none,0.0,0.0,0,0,0,0,0,0
1777272913.374795,2026-04-27 01:55:13,1729,none,0.0,0.0,0,0,0,0,0,0
1777272913.406263,2026-04-27 01:55:13,1732,Person,0.38389459252357483,4.19451904296875,69,259,79,279,74,269
1777272913.433974,2026-04-27 01:55:13,1735,none,0.0,0.0,0,0,0,0,0,0
1777272913.461759,2026-04-27 01:55:13,1738,none,0.0,0.0,0,0,0,0,0,0
1777272913.488106,2026-04-27 01:55:13,1741,none,0.0,0.0,0,0,0,0,0,0
1777272913.514378,2026-04-27 01:55:13,1744,none,0.0,0.0,0,0,0,0,0,0
1777272913.5404959,2026-04-27 01:55:13,1747,none,0.0,0.0,0,0,0,0,0,0
1777272913.566551,2026-04-27 01:55:13,1750,none,0.0,0.0,0,0,0,0,0,0
1777272913.5974212,2026-04-27 01:55:13,1753,Person,0.35383498668670654,3.96755051612854,70,248,79,274,74,261
1777272913.6269708,2026-04-27 01:55:13,1756,Person,0.40554046630859375,2.512331962585449,174,305,194,347,184,326
1777272913.654024,2026-04-27 01:55:13,1759,none,0.0,0.0,0,0,0,0,0,0
1777272913.680105,2026-04-27 01:55:13,1762,none,0.0,0.0,0,0,0,0,0,0
1777272913.709993,2026-04-27 01:55:13,1765,Person,0.45583662390708923,2.028867721557617,171,304,199,357,185,330
1777272913.709993,2026-04-27 01:55:13,1765,Person,0.35130801796913147,4.406306266784668,84,234,96,264,90,249
1777272913.737346,2026-04-27 01:55:13,1768,none,0.0,0.0,0,0,0,0,0,0
1777272913.763786,2026-04-27 01:55:13,1771,none,0.0,0.0,0,0,0,0,0,0
1777272913.7951071,2026-04-27 01:55:13,1774,none,0.0,0.0,0,0,0,0,0,0
1777272913.821471,2026-04-27 01:55:13,1777,none,0.0,0.0,0,0,0,0,0,0
1777272913.84691,2026-04-27 01:55:13,1780,none,0.0,0.0,0,0,0,0,0,0
1777272913.877316,2026-04-27 01:55:13,1783,Person,0.4348280429840088,2.328193426132202,608,315,626,353,617,334
1777272913.90482,2026-04-27 01:55:13,1786,none,0.0,0.0,0,0,0,0,0,0
1777272913.9311528,2026-04-27 01:55:13,1789,none,0.0,0.0,0,0,0,0,0,0
1777272913.95684,2026-04-27 01:55:13,1792,none,0.0,0.0,0,0,0,0,0,0
1777272913.9829068,2026-04-27 01:55:13,1795,none,0.0,0.0,0,0,0,0,0,0
1777272914.009117,2026-04-27 01:55:14,1798,none,0.0,0.0,0,0,0,0,0,0
1777272914.036719,2026-04-27 01:55:14,1801,none,0.0,0.0,0,0,0,0,0,0
1777272914.0632992,2026-04-27 01:55:14,1804,none,0.0,0.0,0,0,0,0,0,0
1777272914.09116,2026-04-27 01:55:14,1807,none,0.0,0.0,0,0,0,0,0,0
1777272914.1131918,2026-04-27 01:55:14,1810,none,0.0,0.0,0,0,0,0,0,0
1777272914.133759,2026-04-27 01:55:14,1813,none,0.0,0.0,0,0,0,0,0,0
1777272914.154598,2026-04-27 01:55:14,1816,none,0.0,0.0,0,0,0,0,0,0
1777272914.179359,2026-04-27 01:55:14,1819,Person,0.4111618995666504,2.5723798274993896,24,298,43,341,33,319
1777272914.202056,2026-04-27 01:55:14,1822,none,0.0,0.0,0,0,0,0,0,0
1777272914.227505,2026-04-27 01:55:14,1825,none,0.0,0.0,0,0,0,0,0,0
1777272914.25843,2026-04-27 01:55:14,1828,Person,0.5320457220077515,2.5671987533569336,29,301,48,335,38,318
1777272914.285791,2026-04-27 01:55:14,1831,none,0.0,0.0,0,0,0,0,0,0
1777272914.31312,2026-04-27 01:55:14,1834,none,0.0,0.0,0,0,0,0,0,0
1777272914.340448,2026-04-27 01:55:14,1837,none,0.0,0.0,0,0,0,0,0,0
1777272914.368187,2026-04-27 01:55:14,1840,none,0.0,0.0,0,0,0,0,0,0
1777272914.396202,2026-04-27 01:55:14,1843,none,0.0,0.0,0,0,0,0,0,0
1777272914.4230962,2026-04-27 01:55:14,1846,none,0.0,0.0,0,0,0,0,0,0
1777272914.450303,2026-04-27 01:55:14,1849,none,0.0,0.0,0,0,0,0,0,0
1777272914.477956,2026-04-27 01:55:14,1852,none,0.0,0.0,0,0,0,0,0,0
1777272914.504439,2026-04-27 01:55:14,1855,none,0.0,0.0,0,0,0,0,0,0
1777272914.530557,2026-04-27 01:55:14,1858,none,0.0,0.0,0,0,0,0,0,0
1777272914.557665,2026-04-27 01:55:14,1861,none,0.0,0.0,0,0,0,0,0,0
1777272914.583831,2026-04-27 01:55:14,1864,none,0.0,0.0,0,0,0,0,0,0
1777272914.6117399,2026-04-27 01:55:14,1867,none,0.0,0.0,0,0,0,0,0,0
1777272914.6381671,2026-04-27 01:55:14,1870,none,0.0,0.0,0,0,0,0,0,0
1777272914.664602,2026-04-27 01:55:14,1873,none,0.0,0.0,0,0,0,0,0,0
1777272914.6905441,2026-04-27 01:55:14,1876,none,0.0,0.0,0,0,0,0,0,0
1777272914.720648,2026-04-27 01:55:14,1879,Person,0.41067343950271606,2.6175947189331055,251,286,266,323,258,304
1777272914.747218,2026-04-27 01:55:14,1882,none,0.0,0.0,0,0,0,0,0,0
1777272914.773958,2026-04-27 01:55:14,1885,none,0.0,0.0,0,0,0,0,0,0
1777272914.80104,2026-04-27 01:55:14,1888,none,0.0,0.0,0,0,0,0,0,0
1777272914.828863,2026-04-27 01:55:14,1891,none,0.0,0.0,0,0,0,0,0,0
1777272914.856035,2026-04-27 01:55:14,1894,none,0.0,0.0,0,0,0,0,0,0
1777272914.882262,2026-04-27 01:55:14,1897,none,0.0,0.0,0,0,0,0,0,0
1777272914.908004,2026-04-27 01:55:14,1900,none,0.0,0.0,0,0,0,0,0,0
1777272914.935745,2026-04-27 01:55:14,1903,none,0.0,0.0,0,0,0,0,0,0
1777272914.967078,2026-04-27 01:55:14,1906,Person,0.5426611304283142,2.344493865966797,164,306,180,343,172,324
1777272914.999085,2026-04-27 01:55:14,1909,Person,0.40227892994880676,2.1268250942230225,164,312,181,343,172,327
1777272915.0300941,2026-04-27 01:55:15,1912,Person,0.6237059235572815,2.547881841659546,158,310,178,344,168,327
1777272915.057226,2026-04-27 01:55:15,1915,none,0.0,0.0,0,0,0,0,0,0
1777272915.087432,2026-04-27 01:55:15,1918,none,0.0,0.0,0,0,0,0,0,0
1777272915.1180701,2026-04-27 01:55:15,1921,Person,0.6539101600646973,2.601832389831543,162,302,179,338,170,320
1777272915.1180701,2026-04-27 01:55:15,1921,Person,0.38920027017593384,2.4345128536224365,559,331,568,357,563,344
1777272915.152611,2026-04-27 01:55:15,1924,none,0.0,0.0,0,0,0,0,0,0
1777272915.181653,2026-04-27 01:55:15,1927,none,0.0,0.0,0,0,0,0,0,0
1777272915.214368,2026-04-27 01:55:15,1930,Person,0.4288765788078308,2.6284611225128174,77,320,95,342,86,331
1777272915.242964,2026-04-27 01:55:15,1933,none,0.0,0.0,0,0,0,0,0,0
1777272915.27087,2026-04-27 01:55:15,1936,none,0.0,0.0,0,0,0,0,0,0
1777272915.302311,2026-04-27 01:55:15,1939,Person,0.5637459754943848,2.603851556777954,154,297,177,335,165,316
1777272915.330347,2026-04-27 01:55:15,1942,none,0.0,0.0,0,0,0,0,0,0
1777272915.356928,2026-04-27 01:55:15,1945,none,0.0,0.0,0,0,0,0,0,0
1777272915.383539,2026-04-27 01:55:15,1948,none,0.0,0.0,0,0,0,0,0,0
1777272915.411409,2026-04-27 01:55:15,1951,none,0.0,0.0,0,0,0,0,0,0
1777272915.438739,2026-04-27 01:55:15,1954,none,0.0,0.0,0,0,0,0,0,0
1777272915.465675,2026-04-27 01:55:15,1957,none,0.0,0.0,0,0,0,0,0,0
1777272915.496077,2026-04-27 01:55:15,1960,none,0.0,0.0,0,0,0,0,0,0
1777272915.523689,2026-04-27 01:55:15,1963,none,0.0,0.0,0,0,0,0,0,0
1777272915.554367,2026-04-27 01:55:15,1966,none,0.0,0.0,0,0,0,0,0,0
1777272915.581236,2026-04-27 01:55:15,1969,none,0.0,0.0,0,0,0,0,0,0
1777272915.6072052,2026-04-27 01:55:15,1972,none,0.0,0.0,0,0,0,0,0,0
1777272915.633184,2026-04-27 01:55:15,1975,none,0.0,0.0,0,0,0,0,0,0
1777272915.660001,2026-04-27 01:55:15,1978,none,0.0,0.0,0,0,0,0,0,0
1777272915.6876822,2026-04-27 01:55:15,1981,none,0.0,0.0,0,0,0,0,0,0
1777272915.7146182,2026-04-27 01:55:15,1984,none,0.0,0.0,0,0,0,0,0,0
1777272915.7408772,2026-04-27 01:55:15,1987,none,0.0,0.0,0,0,0,0,0,0
1777272915.7669802,2026-04-27 01:55:15,1990,none,0.0,0.0,0,0,0,0,0,0
1777272915.794685,2026-04-27 01:55:15,1993,none,0.0,0.0,0,0,0,0,0,0
1777272915.821552,2026-04-27 01:55:15,1996,none,0.0,0.0,0,0,0,0,0,0
1777272915.848026,2026-04-27 01:55:15,1999,none,0.0,0.0,0,0,0,0,0,0
1777272915.874796,2026-04-27 01:55:15,2002,none,0.0,0.0,0,0,0,0,0,0
1777272915.902165,2026-04-27 01:55:15,2005,none,0.0,0.0,0,0,0,0,0,0
1777272915.929816,2026-04-27 01:55:15,2008,none,0.0,0.0,0,0,0,0,0,0
1777272915.957809,2026-04-27 01:55:15,2011,none,0.0,0.0,0,0,0,0,0,0
1777272915.985631,2026-04-27 01:55:15,2014,none,0.0,0.0,0,0,0,0,0,0
1777272916.013812,2026-04-27 01:55:16,2017,none,0.0,0.0,0,0,0,0,0,0
1777272916.041216,2026-04-27 01:55:16,2020,none,0.0,0.0,0,0,0,0,0,0
1777272916.0673,2026-04-27 01:55:16,2023,none,0.0,0.0,0,0,0,0,0,0
1777272916.094743,2026-04-27 01:55:16,2026,none,0.0,0.0,0,0,0,0,0,0
1777272916.12111,2026-04-27 01:55:16,2029,none,0.0,0.0,0,0,0,0,0,0
1777272916.14903,2026-04-27 01:55:16,2032,none,0.0,0.0,0,0,0,0,0,0
1777272916.175723,2026-04-27 01:55:16,2035,none,0.0,0.0,0,0,0,0,0,0
1777272916.202546,2026-04-27 01:55:16,2038,none,0.0,0.0,0,0,0,0,0,0
1777272916.234499,2026-04-27 01:55:16,2041,Person,0.4804884195327759,2.07808256149292,175,310,200,354,187,332
1777272916.261249,2026-04-27 01:55:16,2044,none,0.0,0.0,0,0,0,0,0,0
1777272916.287458,2026-04-27 01:55:16,2047,none,0.0,0.0,0,0,0,0,0,0
1777272916.315058,2026-04-27 01:55:16,2050,none,0.0,0.0,0,0,0,0,0,0
1777272916.3463528,2026-04-27 01:55:16,2053,none,0.0,0.0,0,0,0,0,0,0
1777272916.374169,2026-04-27 01:55:16,2056,none,0.0,0.0,0,0,0,0,0,0
1777272916.400558,2026-04-27 01:55:16,2059,none,0.0,0.0,0,0,0,0,0,0
1777272916.426927,2026-04-27 01:55:16,2062,none,0.0,0.0,0,0,0,0,0,0
1777272916.453036,2026-04-27 01:55:16,2065,none,0.0,0.0,0,0,0,0,0,0
1777272916.478985,2026-04-27 01:55:16,2068,none,0.0,0.0,0,0,0,0,0,0
1777272916.510346,2026-04-27 01:55:16,2071,none,0.0,0.0,0,0,0,0,0,0
1777272916.538173,2026-04-27 01:55:16,2074,none,0.0,0.0,0,0,0,0,0,0
1777272916.565879,2026-04-27 01:55:16,2077,none,0.0,0.0,0,0,0,0,0,0
1777272916.592476,2026-04-27 01:55:16,2080,none,0.0,0.0,0,0,0,0,0,0
1777272916.619759,2026-04-27 01:55:16,2083,none,0.0,0.0,0,0,0,0,0,0
1777272916.646184,2026-04-27 01:55:16,2086,none,0.0,0.0,0,0,0,0,0,0
1777272916.6742241,2026-04-27 01:55:16,2089,none,0.0,0.0,0,0,0,0,0,0
1777272916.7011929,2026-04-27 01:55:16,2092,none,0.0,0.0,0,0,0,0,0,0
1777272916.727584,2026-04-27 01:55:16,2095,none,0.0,0.0,0,0,0,0,0,0
1777272916.7535949,2026-04-27 01:55:16,2098,none,0.0,0.0,0,0,0,0,0,0
1777272916.7844338,2026-04-27 01:55:16,2101,Person,0.5596204996109009,1.7729452848434448,201,315,217,344,209,329
1777272916.7844338,2026-04-27 01:55:16,2101,Person,0.5047141313552856,1.7600643634796143,202,322,216,344,209,333
1777272916.8122082,2026-04-27 01:55:16,2104,none,0.0,0.0,0,0,0,0,0,0
1777272916.840151,2026-04-27 01:55:16,2107,none,0.0,0.0,0,0,0,0,0,0
1777272916.867844,2026-04-27 01:55:16,2110,none,0.0,0.0,0,0,0,0,0,0
1777272916.894156,2026-04-27 01:55:16,2113,none,0.0,0.0,0,0,0,0,0,0
1777272916.920341,2026-04-27 01:55:16,2116,none,0.0,0.0,0,0,0,0,0,0
1777272916.946421,2026-04-27 01:55:16,2119,none,0.0,0.0,0,0,0,0,0,0
1777272916.97398,2026-04-27 01:55:16,2122,none,0.0,0.0,0,0,0,0,0,0
1777272917.0005682,2026-04-27 01:55:17,2125,none,0.0,0.0,0,0,0,0,0,0
1777272917.026756,2026-04-27 01:55:17,2128,none,0.0,0.0,0,0,0,0,0,0
1777272917.057446,2026-04-27 01:55:17,2131,none,0.0,0.0,0,0,0,0,0,0
1777272917.084477,2026-04-27 01:55:17,2134,none,0.0,0.0,0,0,0,0,0,0
1777272917.115575,2026-04-27 01:55:17,2137,none,0.0,0.0,0,0,0,0,0,0
1777272917.146977,2026-04-27 01:55:17,2140,none,0.0,0.0,0,0,0,0,0,0
1777272917.1745331,2026-04-27 01:55:17,2143,none,0.0,0.0,0,0,0,0,0,0
1777272917.201139,2026-04-27 01:55:17,2146,none,0.0,0.0,0,0,0,0,0,0
1777272917.22732,2026-04-27 01:55:17,2149,none,0.0,0.0,0,0,0,0,0,0
1777272917.253412,2026-04-27 01:55:17,2152,none,0.0,0.0,0,0,0,0,0,0
1777272917.279289,2026-04-27 01:55:17,2155,none,0.0,0.0,0,0,0,0,0,0
1777272917.306978,2026-04-27 01:55:17,2158,none,0.0,0.0,0,0,0,0,0,0
1777272917.334568,2026-04-27 01:55:17,2161,none,0.0,0.0,0,0,0,0,0,0
1777272917.361137,2026-04-27 01:55:17,2164,none,0.0,0.0,0,0,0,0,0,0
1777272917.388818,2026-04-27 01:55:17,2167,none,0.0,0.0,0,0,0,0,0,0
1777272917.416408,2026-04-27 01:55:17,2170,none,0.0,0.0,0,0,0,0,0,0
1777272917.443409,2026-04-27 01:55:17,2173,none,0.0,0.0,0,0,0,0,0,0
1777272917.469863,2026-04-27 01:55:17,2176,none,0.0,0.0,0,0,0,0,0,0
1777272917.4962208,2026-04-27 01:55:17,2179,none,0.0,0.0,0,0,0,0,0,0
1777272917.524039,2026-04-27 01:55:17,2182,none,0.0,0.0,0,0,0,0,0,0
1777272917.5511098,2026-04-27 01:55:17,2185,none,0.0,0.0,0,0,0,0,0,0
1777272917.5776489,2026-04-27 01:55:17,2188,none,0.0,0.0,0,0,0,0,0,0
1777272917.605186,2026-04-27 01:55:17,2191,none,0.0,0.0,0,0,0,0,0,0
1777272917.632851,2026-04-27 01:55:17,2194,none,0.0,0.0,0,0,0,0,0,0
1777272917.65979,2026-04-27 01:55:17,2197,none,0.0,0.0,0,0,0,0,0,0
1777272917.6860769,2026-04-27 01:55:17,2200,none,0.0,0.0,0,0,0,0,0,0
1777272917.712363,2026-04-27 01:55:17,2203,none,0.0,0.0,0,0,0,0,0,0
1777272917.740122,2026-04-27 01:55:17,2206,none,0.0,0.0,0,0,0,0,0,0
1777272917.7677078,2026-04-27 01:55:17,2209,none,0.0,0.0,0,0,0,0,0,0
1777272917.794293,2026-04-27 01:55:17,2212,none,0.0,0.0,0,0,0,0,0,0
1777272917.825552,2026-04-27 01:55:17,2215,none,0.0,0.0,0,0,0,0,0,0
1777272917.852288,2026-04-27 01:55:17,2218,none,0.0,0.0,0,0,0,0,0,0
1777272917.878291,2026-04-27 01:55:17,2221,none,0.0,0.0,0,0,0,0,0,0
1777272917.904585,2026-04-27 01:55:17,2224,none,0.0,0.0,0,0,0,0,0,0
1777272917.932541,2026-04-27 01:55:17,2227,none,0.0,0.0,0,0,0,0,0,0
1777272917.95904,2026-04-27 01:55:17,2230,none,0.0,0.0,0,0,0,0,0,0
1777272917.9892612,2026-04-27 01:55:17,2233,Vehicle,0.5618779063224792,3.4579200744628906,269,138,297,179,283,158
1777272918.017235,2026-04-27 01:55:18,2236,none,0.0,0.0,0,0,0,0,0,0
1777272918.044524,2026-04-27 01:55:18,2239,none,0.0,0.0,0,0,0,0,0,0
1777272918.070855,2026-04-27 01:55:18,2242,none,0.0,0.0,0,0,0,0,0,0
1777272918.098618,2026-04-27 01:55:18,2245,none,0.0,0.0,0,0,0,0,0,0
1777272918.126102,2026-04-27 01:55:18,2248,none,0.0,0.0,0,0,0,0,0,0
1777272918.153419,2026-04-27 01:55:18,2251,none,0.0,0.0,0,0,0,0,0,0
1777272918.1810272,2026-04-27 01:55:18,2254,none,0.0,0.0,0,0,0,0,0,0
1777272918.209273,2026-04-27 01:55:18,2257,none,0.0,0.0,0,0,0,0,0,0
1777272918.2360919,2026-04-27 01:55:18,2260,none,0.0,0.0,0,0,0,0,0,0
1777272918.262578,2026-04-27 01:55:18,2263,none,0.0,0.0,0,0,0,0,0,0
1777272918.29014,2026-04-27 01:55:18,2266,none,0.0,0.0,0,0,0,0,0,0
1777272918.3179631,2026-04-27 01:55:18,2269,none,0.0,0.0,0,0,0,0,0,0
1777272918.345963,2026-04-27 01:55:18,2272,none,0.0,0.0,0,0,0,0,0,0
1777272918.373993,2026-04-27 01:55:18,2275,none,0.0,0.0,0,0,0,0,0,0
1777272918.400769,2026-04-27 01:55:18,2278,none,0.0,0.0,0,0,0,0,0,0
1777272918.427396,2026-04-27 01:55:18,2281,none,0.0,0.0,0,0,0,0,0,0
1777272918.453707,2026-04-27 01:55:18,2284,none,0.0,0.0,0,0,0,0,0,0
1777272918.480025,2026-04-27 01:55:18,2287,none,0.0,0.0,0,0,0,0,0,0
1777272918.508061,2026-04-27 01:55:18,2290,none,0.0,0.0,0,0,0,0,0,0
1777272918.53585,2026-04-27 01:55:18,2293,none,0.0,0.0,0,0,0,0,0,0
1777272918.5622358,2026-04-27 01:55:18,2296,none,0.0,0.0,0,0,0,0,0,0
1777272918.5897322,2026-04-27 01:55:18,2299,none,0.0,0.0,0,0,0,0,0,0
1777272918.6176121,2026-04-27 01:55:18,2302,none,0.0,0.0,0,0,0,0,0,0
1777272918.6442518,2026-04-27 01:55:18,2305,none,0.0,0.0,0,0,0,0,0,0
1777272918.671058,2026-04-27 01:55:18,2308,none,0.0,0.0,0,0,0,0,0,0
1777272918.698992,2026-04-27 01:55:18,2311,none,0.0,0.0,0,0,0,0,0,0
1777272918.72625,2026-04-27 01:55:18,2314,none,0.0,0.0,0,0,0,0,0,0
1777272918.752867,2026-04-27 01:55:18,2317,none,0.0,0.0,0,0,0,0,0,0
1777272918.7849221,2026-04-27 01:55:18,2320,Person,0.4624623954296112,1.9604582786560059,8,307,28,346,18,326
1777272918.81163,2026-04-27 01:55:18,2323,none,0.0,0.0,0,0,0,0,0,0
1777272918.8383732,2026-04-27 01:55:18,2326,none,0.0,0.0,0,0,0,0,0,0
1777272918.865978,2026-04-27 01:55:18,2329,none,0.0,0.0,0,0,0,0,0,0
1777272918.894164,2026-04-27 01:55:18,2332,none,0.0,0.0,0,0,0,0,0,0
1777272918.921891,2026-04-27 01:55:18,2335,none,0.0,0.0,0,0,0,0,0,0
1777272918.9492962,2026-04-27 01:55:18,2338,none,0.0,0.0,0,0,0,0,0,0
1777272918.975574,2026-04-27 01:55:18,2341,none,0.0,0.0,0,0,0,0,0,0
1777272919.002054,2026-04-27 01:55:19,2344,none,0.0,0.0,0,0,0,0,0,0
1777272919.02809,2026-04-27 01:55:19,2347,none,0.0,0.0,0,0,0,0,0,0
1777272919.0533388,2026-04-27 01:55:19,2350,none,0.0,0.0,0,0,0,0,0,0
1777272919.0797892,2026-04-27 01:55:19,2353,none,0.0,0.0,0,0,0,0,0,0
1777272919.107069,2026-04-27 01:55:19,2356,none,0.0,0.0,0,0,0,0,0,0
1777272919.133588,2026-04-27 01:55:19,2359,none,0.0,0.0,0,0,0,0,0,0
1777272919.1725519,2026-04-27 01:55:19,2362,none,0.0,0.0,0,0,0,0,0,0
1777272919.200288,2026-04-27 01:55:19,2365,none,0.0,0.0,0,0,0,0,0,0
1777272919.227235,2026-04-27 01:55:19,2368,none,0.0,0.0,0,0,0,0,0,0
1777272919.2543108,2026-04-27 01:55:19,2371,none,0.0,0.0,0,0,0,0,0,0
1777272919.277937,2026-04-27 01:55:19,2374,none,0.0,0.0,0,0,0,0,0,0
1777272919.301216,2026-04-27 01:55:19,2377,none,0.0,0.0,0,0,0,0,0,0
1777272919.330442,2026-04-27 01:55:19,2380,none,0.0,0.0,0,0,0,0,0,0
1777272919.369215,2026-04-27 01:55:19,2383,none,0.0,0.0,0,0,0,0,0,0
1777272919.402326,2026-04-27 01:55:19,2386,none,0.0,0.0,0,0,0,0,0,0
1777272919.431953,2026-04-27 01:55:19,2389,none,0.0,0.0,0,0,0,0,0,0
1777272919.455675,2026-04-27 01:55:19,2392,none,0.0,0.0,0,0,0,0,0,0
1777272919.4799,2026-04-27 01:55:19,2395,none,0.0,0.0,0,0,0,0,0,0
1777272919.505392,2026-04-27 01:55:19,2398,none,0.0,0.0,0,0,0,0,0,0
1777272919.532313,2026-04-27 01:55:19,2401,none,0.0,0.0,0,0,0,0,0,0
1777272919.564472,2026-04-27 01:55:19,2404,none,0.0,0.0,0,0,0,0,0,0
1777272919.595357,2026-04-27 01:55:19,2407,none,0.0,0.0,0,0,0,0,0,0
1777272919.624126,2026-04-27 01:55:19,2410,none,0.0,0.0,0,0,0,0,0,0
1777272919.662227,2026-04-27 01:55:19,2413,Person,0.7063793540000916,2.7317230701446533,125,293,142,337,133,315
1777272919.68845,2026-04-27 01:55:19,2416,none,0.0,0.0,0,0,0,0,0,0
1777272919.715934,2026-04-27 01:55:19,2419,Person,0.4185040295124054,2.783909559249878,113,290,133,337,123,313
1777272919.738436,2026-04-27 01:55:19,2422,none,0.0,0.0,0,0,0,0,0,0
1777272919.7639291,2026-04-27 01:55:19,2425,none,0.0,0.0,0,0,0,0,0,0
1777272919.790675,2026-04-27 01:55:19,2428,none,0.0,0.0,0,0,0,0,0,0
1777272919.8210618,2026-04-27 01:55:19,2431,none,0.0,0.0,0,0,0,0,0,0
1777272919.849489,2026-04-27 01:55:19,2434,none,0.0,0.0,0,0,0,0,0,0
1777272919.8811579,2026-04-27 01:55:19,2437,none,0.0,0.0,0,0,0,0,0,0
1777272919.911978,2026-04-27 01:55:19,2440,none,0.0,0.0,0,0,0,0,0,0
1777272919.9388669,2026-04-27 01:55:19,2443,none,0.0,0.0,0,0,0,0,0,0
1777272919.965695,2026-04-27 01:55:19,2446,none,0.0,0.0,0,0,0,0,0,0
1777272919.9931982,2026-04-27 01:55:19,2449,none,0.0,0.0,0,0,0,0,0,0
1777272920.022801,2026-04-27 01:55:20,2452,none,0.0,0.0,0,0,0,0,0,0
1777272920.057121,2026-04-27 01:55:20,2455,Person,0.43176549673080444,5.358448028564453,52,184,64,205,58,194
1777272920.083949,2026-04-27 01:55:20,2458,none,0.0,0.0,0,0,0,0,0,0
1777272920.1050172,2026-04-27 01:55:20,2461,none,0.0,0.0,0,0,0,0,0,0
1777272920.12594,2026-04-27 01:55:20,2464,none,0.0,0.0,0,0,0,0,0,0
1777272920.148459,2026-04-27 01:55:20,2467,none,0.0,0.0,0,0,0,0,0,0
1777272920.171954,2026-04-27 01:55:20,2470,none,0.0,0.0,0,0,0,0,0,0
1777272920.1977658,2026-04-27 01:55:20,2473,none,0.0,0.0,0,0,0,0,0,0
1777272920.2267451,2026-04-27 01:55:20,2476,none,0.0,0.0,0,0,0,0,0,0
1777272920.252765,2026-04-27 01:55:20,2479,none,0.0,0.0,0,0,0,0,0,0
1777272920.2764301,2026-04-27 01:55:20,2482,none,0.0,0.0,0,0,0,0,0,0
1777272920.2971961,2026-04-27 01:55:20,2485,none,0.0,0.0,0,0,0,0,0,0
1777272920.318149,2026-04-27 01:55:20,2488,none,0.0,0.0,0,0,0,0,0,0
1777272920.3388212,2026-04-27 01:55:20,2491,none,0.0,0.0,0,0,0,0,0,0
1777272920.360794,2026-04-27 01:55:20,2494,none,0.0,0.0,0,0,0,0,0,0
1777272920.39553,2026-04-27 01:55:20,2497,none,0.0,0.0,0,0,0,0,0,0
1777272920.420032,2026-04-27 01:55:20,2500,none,0.0,0.0,0,0,0,0,0,0
1777272920.440255,2026-04-27 01:55:20,2503,none,0.0,0.0,0,0,0,0,0,0
1777272920.460087,2026-04-27 01:55:20,2506,none,0.0,0.0,0,0,0,0,0,0
1777272920.481036,2026-04-27 01:55:20,2509,none,0.0,0.0,0,0,0,0,0,0
1777272920.507212,2026-04-27 01:55:20,2512,none,0.0,0.0,0,0,0,0,0,0
1777272920.534348,2026-04-27 01:55:20,2515,none,0.0,0.0,0,0,0,0,0,0
1777272920.562216,2026-04-27 01:55:20,2518,none,0.0,0.0,0,0,0,0,0,0
1777272920.588917,2026-04-27 01:55:20,2521,none,0.0,0.0,0,0,0,0,0,0
1777272920.615653,2026-04-27 01:55:20,2524,none,0.0,0.0,0,0,0,0,0,0
1777272920.6413162,2026-04-27 01:55:20,2527,none,0.0,0.0,0,0,0,0,0,0
1777272920.671951,2026-04-27 01:55:20,2530,Vehicle,0.4899670481681824,4.655348777770996,161,195,222,251,191,223
1777272920.699575,2026-04-27 01:55:20,2533,none,0.0,0.0,0,0,0,0,0,0
1777272920.7264168,2026-04-27 01:55:20,2536,none,0.0,0.0,0,0,0,0,0,0
1777272920.757437,2026-04-27 01:55:20,2539,none,0.0,0.0,0,0,0,0,0,0
1777272920.784458,2026-04-27 01:55:20,2542,none,0.0,0.0,0,0,0,0,0,0
1777272920.81567,2026-04-27 01:55:20,2545,none,0.0,0.0,0,0,0,0,0,0
1777272920.846689,2026-04-27 01:55:20,2548,none,0.0,0.0,0,0,0,0,0,0
1777272920.874378,2026-04-27 01:55:20,2551,none,0.0,0.0,0,0,0,0,0,0
1777272920.901577,2026-04-27 01:55:20,2554,none,0.0,0.0,0,0,0,0,0,0
1777272920.929388,2026-04-27 01:55:20,2557,none,0.0,0.0,0,0,0,0,0,0
1777272920.961184,2026-04-27 01:55:20,2560,none,0.0,0.0,0,0,0,0,0,0
1777272920.987797,2026-04-27 01:55:20,2563,none,0.0,0.0,0,0,0,0,0,0
1777272921.016507,2026-04-27 01:55:21,2566,none,0.0,0.0,0,0,0,0,0,0
1777272921.0438058,2026-04-27 01:55:21,2569,none,0.0,0.0,0,0,0,0,0,0
1777272921.0730429,2026-04-27 01:55:21,2572,none,0.0,0.0,0,0,0,0,0,0
1777272921.10341,2026-04-27 01:55:21,2575,none,0.0,0.0,0,0,0,0,0,0
1777272921.13148,2026-04-27 01:55:21,2578,none,0.0,0.0,0,0,0,0,0,0
1777272921.152184,2026-04-27 01:55:21,2581,none,0.0,0.0,0,0,0,0,0,0
1777272921.172852,2026-04-27 01:55:21,2584,none,0.0,0.0,0,0,0,0,0,0
1777272921.194026,2026-04-27 01:55:21,2587,none,0.0,0.0,0,0,0,0,0,0
1777272921.218079,2026-04-27 01:55:21,2590,none,0.0,0.0,0,0,0,0,0,0
1777272921.244315,2026-04-27 01:55:21,2593,none,0.0,0.0,0,0,0,0,0,0
1777272921.270477,2026-04-27 01:55:21,2596,none,0.0,0.0,0,0,0,0,0,0
1777272921.298004,2026-04-27 01:55:21,2599,none,0.0,0.0,0,0,0,0,0,0
1777272921.325514,2026-04-27 01:55:21,2602,none,0.0,0.0,0,0,0,0,0,0
1777272921.3581078,2026-04-27 01:55:21,2605,none,0.0,0.0,0,0,0,0,0,0
1777272921.385615,2026-04-27 01:55:21,2608,none,0.0,0.0,0,0,0,0,0,0
1777272921.416377,2026-04-27 01:55:21,2611,Vehicle,0.6403440237045288,5.852309226989746,162,159,214,201,188,180
1777272921.443806,2026-04-27 01:55:21,2614,none,0.0,0.0,0,0,0,0,0,0
1777272921.4701922,2026-04-27 01:55:21,2617,none,0.0,0.0,0,0,0,0,0,0
1777272921.496601,2026-04-27 01:55:21,2620,none,0.0,0.0,0,0,0,0,0,0
1777272921.523176,2026-04-27 01:55:21,2623,none,0.0,0.0,0,0,0,0,0,0
1777272921.5495198,2026-04-27 01:55:21,2626,none,0.0,0.0,0,0,0,0,0,0
1777272921.577724,2026-04-27 01:55:21,2629,none,0.0,0.0,0,0,0,0,0,0
1777272921.604856,2026-04-27 01:55:21,2632,none,0.0,0.0,0,0,0,0,0,0
1777272921.635815,2026-04-27 01:55:21,2635,none,0.0,0.0,0,0,0,0,0,0
1777272921.6637352,2026-04-27 01:55:21,2638,none,0.0,0.0,0,0,0,0,0,0
1777272921.69546,2026-04-27 01:55:21,2641,none,0.0,0.0,0,0,0,0,0,0
1777272921.725697,2026-04-27 01:55:21,2644,none,0.0,0.0,0,0,0,0,0,0
1777272921.756535,2026-04-27 01:55:21,2647,none,0.0,0.0,0,0,0,0,0,0
1777272921.787392,2026-04-27 01:55:21,2650,none,0.0,0.0,0,0,0,0,0,0
1777272921.812354,2026-04-27 01:55:21,2653,none,0.0,0.0,0,0,0,0,0,0
1777272921.83654,2026-04-27 01:55:21,2656,none,0.0,0.0,0,0,0,0,0,0
1777272921.860707,2026-04-27 01:55:21,2659,none,0.0,0.0,0,0,0,0,0,0
1777272921.887517,2026-04-27 01:55:21,2662,none,0.0,0.0,0,0,0,0,0,0
1777272921.914834,2026-04-27 01:55:21,2665,none,0.0,0.0,0,0,0,0,0,0
1777272921.9436858,2026-04-27 01:55:21,2668,none,0.0,0.0,0,0,0,0,0,0
1777272921.9711602,2026-04-27 01:55:21,2671,none,0.0,0.0,0,0,0,0,0,0
1777272921.9985359,2026-04-27 01:55:21,2674,none,0.0,0.0,0,0,0,0,0,0
1777272922.028095,2026-04-27 01:55:22,2677,none,0.0,0.0,0,0,0,0,0,0
1777272922.053735,2026-04-27 01:55:22,2680,none,0.0,0.0,0,0,0,0,0,0
1777272922.0832949,2026-04-27 01:55:22,2683,none,0.0,0.0,0,0,0,0,0,0
1777272922.1120589,2026-04-27 01:55:22,2686,none,0.0,0.0,0,0,0,0,0,0
1777272922.13659,2026-04-27 01:55:22,2689,none,0.0,0.0,0,0,0,0,0,0
1777272922.15957,2026-04-27 01:55:22,2692,none,0.0,0.0,0,0,0,0,0,0
1777272922.1816719,2026-04-27 01:55:22,2695,none,0.0,0.0,0,0,0,0,0,0
1777272922.206298,2026-04-27 01:55:22,2698,none,0.0,0.0,0,0,0,0,0,0
1777272922.233578,2026-04-27 01:55:22,2701,none,0.0,0.0,0,0,0,0,0,0
1777272922.261953,2026-04-27 01:55:22,2704,none,0.0,0.0,0,0,0,0,0,0
1777272922.2893949,2026-04-27 01:55:22,2707,none,0.0,0.0,0,0,0,0,0,0
1777272922.3178298,2026-04-27 01:55:22,2710,none,0.0,0.0,0,0,0,0,0,0
1777272922.3461592,2026-04-27 01:55:22,2713,none,0.0,0.0,0,0,0,0,0,0
1777272922.3776362,2026-04-27 01:55:22,2716,Vehicle,0.7991083264350891,6.298992156982422,81,160,146,218,113,189
1777272922.404652,2026-04-27 01:55:22,2719,none,0.0,0.0,0,0,0,0,0,0
1777272922.4326222,2026-04-27 01:55:22,2722,none,0.0,0.0,0,0,0,0,0,0
1777272922.460814,2026-04-27 01:55:22,2725,none,0.0,0.0,0,0,0,0,0,0
1777272922.4872441,2026-04-27 01:55:22,2728,none,0.0,0.0,0,0,0,0,0,0
1777272922.514647,2026-04-27 01:55:22,2731,none,0.0,0.0,0,0,0,0,0,0
1777272922.5422468,2026-04-27 01:55:22,2734,none,0.0,0.0,0,0,0,0,0,0
1777272922.565214,2026-04-27 01:55:22,2737,none,0.0,0.0,0,0,0,0,0,0
1777272922.586385,2026-04-27 01:55:22,2740,none,0.0,0.0,0,0,0,0,0,0
1777272922.607546,2026-04-27 01:55:22,2743,none,0.0,0.0,0,0,0,0,0,0
1777272922.6327522,2026-04-27 01:55:22,2746,none,0.0,0.0,0,0,0,0,0,0
1777272922.658465,2026-04-27 01:55:22,2749,none,0.0,0.0,0,0,0,0,0,0
1777272922.68384,2026-04-27 01:55:22,2752,none,0.0,0.0,0,0,0,0,0,0
1777272922.7143722,2026-04-27 01:55:22,2755,none,0.0,0.0,0,0,0,0,0,0
1777272922.745784,2026-04-27 01:55:22,2758,none,0.0,0.0,0,0,0,0,0,0
1777272922.777143,2026-04-27 01:55:22,2761,Person,0.3514436185359955,3.0344398021698,142,297,154,335,148,316
1777272922.808149,2026-04-27 01:55:22,2764,none,0.0,0.0,0,0,0,0,0,0
1777272922.8395689,2026-04-27 01:55:22,2767,none,0.0,0.0,0,0,0,0,0,0
1777272922.871514,2026-04-27 01:55:22,2770,none,0.0,0.0,0,0,0,0,0,0
1777272922.90221,2026-04-27 01:55:22,2773,none,0.0,0.0,0,0,0,0,0,0
1777272922.932847,2026-04-27 01:55:22,2776,none,0.0,0.0,0,0,0,0,0,0
1777272922.964433,2026-04-27 01:55:22,2779,none,0.0,0.0,0,0,0,0,0,0
1777272922.99726,2026-04-27 01:55:22,2782,Vehicle,0.37861543893814087,5.363344192504883,310,154,336,178,323,166
1777272923.025604,2026-04-27 01:55:23,2785,none,0.0,0.0,0,0,0,0,0,0
1777272923.0521119,2026-04-27 01:55:23,2788,none,0.0,0.0,0,0,0,0,0,0
1777272923.078704,2026-04-27 01:55:23,2791,none,0.0,0.0,0,0,0,0,0,0
1777272923.109518,2026-04-27 01:55:23,2794,none,0.0,0.0,0,0,0,0,0,0
1777272923.141639,2026-04-27 01:55:23,2797,Person,0.385692834854126,2.6765835285186768,248,312,284,359,266,335
1777272923.173268,2026-04-27 01:55:23,2800,none,0.0,0.0,0,0,0,0,0,0
1777272923.205168,2026-04-27 01:55:23,2803,none,0.0,0.0,0,0,0,0,0,0
1777272923.2374148,2026-04-27 01:55:23,2806,none,0.0,0.0,0,0,0,0,0,0
1777272923.269073,2026-04-27 01:55:23,2809,none,0.0,0.0,0,0,0,0,0,0
1777272923.300152,2026-04-27 01:55:23,2812,none,0.0,0.0,0,0,0,0,0,0
1777272923.332066,2026-04-27 01:55:23,2815,none,0.0,0.0,0,0,0,0,0,0
1777272923.3629801,2026-04-27 01:55:23,2818,none,0.0,0.0,0,0,0,0,0,0
1777272923.394718,2026-04-27 01:55:23,2821,none,0.0,0.0,0,0,0,0,0,0
1777272923.426667,2026-04-27 01:55:23,2824,none,0.0,0.0,0,0,0,0,0,0
1777272923.458776,2026-04-27 01:55:23,2827,none,0.0,0.0,0,0,0,0,0,0
1777272923.4908469,2026-04-27 01:55:23,2830,none,0.0,0.0,0,0,0,0,0,0
1777272923.522281,2026-04-27 01:55:23,2833,Vehicle,0.4327206313610077,4.15371036529541,99,163,210,217,154,190
1777272923.522281,2026-04-27 01:55:23,2833,Person,0.38628968596458435,2.544269561767578,533,328,545,347,539,337
1777272923.554435,2026-04-27 01:55:23,2836,Person,0.37310370802879333,2.517864227294922,533,327,545,347,539,337
1777272923.586367,2026-04-27 01:55:23,2839,none,0.0,0.0,0,0,0,0,0,0
1777272923.616802,2026-04-27 01:55:23,2842,none,0.0,0.0,0,0,0,0,0,0
1777272923.6484952,2026-04-27 01:55:23,2845,none,0.0,0.0,0,0,0,0,0,0
1777272923.680011,2026-04-27 01:55:23,2848,none,0.0,0.0,0,0,0,0,0,0
1777272923.711916,2026-04-27 01:55:23,2851,none,0.0,0.0,0,0,0,0,0,0
1777272923.743808,2026-04-27 01:55:23,2854,none,0.0,0.0,0,0,0,0,0,0
1777272923.775879,2026-04-27 01:55:23,2857,none,0.0,0.0,0,0,0,0,0,0
1777272923.803778,2026-04-27 01:55:23,2860,none,0.0,0.0,0,0,0,0,0,0
1777272923.83007,2026-04-27 01:55:23,2863,none,0.0,0.0,0,0,0,0,0,0
1777272923.8579159,2026-04-27 01:55:23,2866,none,0.0,0.0,0,0,0,0,0,0
1777272923.891284,2026-04-27 01:55:23,2869,none,0.0,0.0,0,0,0,0,0,0
1777272923.9221702,2026-04-27 01:55:23,2872,none,0.0,0.0,0,0,0,0,0,0
1777272923.950418,2026-04-27 01:55:23,2875,none,0.0,0.0,0,0,0,0,0,0
1777272923.9779782,2026-04-27 01:55:23,2878,none,0.0,0.0,0,0,0,0,0,0
1777272924.0055308,2026-04-27 01:55:24,2881,none,0.0,0.0,0,0,0,0,0,0
1777272924.033927,2026-04-27 01:55:24,2884,none,0.0,0.0,0,0,0,0,0,0
1777272924.060626,2026-04-27 01:55:24,2887,none,0.0,0.0,0,0,0,0,0,0
1777272924.0869188,2026-04-27 01:55:24,2890,none,0.0,0.0,0,0,0,0,0,0
1777272924.114339,2026-04-27 01:55:24,2893,none,0.0,0.0,0,0,0,0,0,0
1777272924.1437702,2026-04-27 01:55:24,2896,none,0.0,0.0,0,0,0,0,0,0
1777272924.170295,2026-04-27 01:55:24,2899,none,0.0,0.0,0,0,0,0,0,0
1777272924.202576,2026-04-27 01:55:24,2902,Vehicle,0.3915719985961914,7.469344139099121,71,159,139,221,105,190
1777272924.230525,2026-04-27 01:55:24,2905,none,0.0,0.0,0,0,0,0,0,0
1777272924.258232,2026-04-27 01:55:24,2908,none,0.0,0.0,0,0,0,0,0,0
1777272924.284572,2026-04-27 01:55:24,2911,none,0.0,0.0,0,0,0,0,0,0
1777272924.310806,2026-04-27 01:55:24,2914,none,0.0,0.0,0,0,0,0,0,0
1777272924.336831,2026-04-27 01:55:24,2917,none,0.0,0.0,0,0,0,0,0,0
1777272924.362674,2026-04-27 01:55:24,2920,none,0.0,0.0,0,0,0,0,0,0
1777272924.390326,2026-04-27 01:55:24,2923,none,0.0,0.0,0,0,0,0,0,0
1777272924.417182,2026-04-27 01:55:24,2926,none,0.0,0.0,0,0,0,0,0,0
1777272924.443221,2026-04-27 01:55:24,2929,none,0.0,0.0,0,0,0,0,0,0
1777272924.468485,2026-04-27 01:55:24,2932,none,0.0,0.0,0,0,0,0,0,0
1777272924.4945211,2026-04-27 01:55:24,2935,none,0.0,0.0,0,0,0,0,0,0
1777272924.520125,2026-04-27 01:55:24,2938,none,0.0,0.0,0,0,0,0,0,0
1777272924.547773,2026-04-27 01:55:24,2941,none,0.0,0.0,0,0,0,0,0,0
1777272924.5758688,2026-04-27 01:55:24,2944,none,0.0,0.0,0,0,0,0,0,0
1777272924.602117,2026-04-27 01:55:24,2947,none,0.0,0.0,0,0,0,0,0,0
1777272924.628643,2026-04-27 01:55:24,2950,none,0.0,0.0,0,0,0,0,0,0
1777272924.6538281,2026-04-27 01:55:24,2953,none,0.0,0.0,0,0,0,0,0,0
1777272924.6815948,2026-04-27 01:55:24,2956,none,0.0,0.0,0,0,0,0,0,0
1777272924.7093709,2026-04-27 01:55:24,2959,none,0.0,0.0,0,0,0,0,0,0
1777272924.7412229,2026-04-27 01:55:24,2962,none,0.0,0.0,0,0,0,0,0,0
1777272924.768089,2026-04-27 01:55:24,2965,none,0.0,0.0,0,0,0,0,0,0
1777272924.796306,2026-04-27 01:55:24,2968,Vehicle,0.5188054442405701,6.084999084472656,253,124,311,199,282,161
1777272924.816907,2026-04-27 01:55:24,2971,none,0.0,0.0,0,0,0,0,0,0
1777272924.8379169,2026-04-27 01:55:24,2974,none,0.0,0.0,0,0,0,0,0,0
1777272924.8591518,2026-04-27 01:55:24,2977,none,0.0,0.0,0,0,0,0,0,0
1777272924.8822699,2026-04-27 01:55:24,2980,none,0.0,0.0,0,0,0,0,0,0
1777272924.90689,2026-04-27 01:55:24,2983,none,0.0,0.0,0,0,0,0,0,0
1777272924.936852,2026-04-27 01:55:24,2986,none,0.0,0.0,0,0,0,0,0,0
1777272924.962006,2026-04-27 01:55:24,2989,none,0.0,0.0,0,0,0,0,0,0
1777272924.9897459,2026-04-27 01:55:24,2992,none,0.0,0.0,0,0,0,0,0,0
1777272925.017401,2026-04-27 01:55:25,2995,none,0.0,0.0,0,0,0,0,0,0
1777272925.0498052,2026-04-27 01:55:25,2998,Vehicle,0.4531535804271698,4.3364763259887695,277,145,310,188,293,166
1777272925.0767722,2026-04-27 01:55:25,3001,none,0.0,0.0,0,0,0,0,0,0
1777272925.1024158,2026-04-27 01:55:25,3004,none,0.0,0.0,0,0,0,0,0,0
1777272925.133824,2026-04-27 01:55:25,3007,none,0.0,0.0,0,0,0,0,0,0
1777272925.161092,2026-04-27 01:55:25,3010,none,0.0,0.0,0,0,0,0,0,0
1777272925.1882539,2026-04-27 01:55:25,3013,none,0.0,0.0,0,0,0,0,0,0
1777272925.215473,2026-04-27 01:55:25,3016,none,0.0,0.0,0,0,0,0,0,0
1777272925.242219,2026-04-27 01:55:25,3019,none,0.0,0.0,0,0,0,0,0,0
1777272925.2691672,2026-04-27 01:55:25,3022,none,0.0,0.0,0,0,0,0,0,0
1777272925.295506,2026-04-27 01:55:25,3025,none,0.0,0.0,0,0,0,0,0,0
1777272925.321548,2026-04-27 01:55:25,3028,none,0.0,0.0,0,0,0,0,0,0
1777272925.349459,2026-04-27 01:55:25,3031,none,0.0,0.0,0,0,0,0,0,0
1777272925.3761659,2026-04-27 01:55:25,3034,none,0.0,0.0,0,0,0,0,0,0
